id,lieu,epreuve,session,cavalier,cheval,equipe
1,Ghlin 06/09/2026,Open Elite,Session 3,Ombeline Hald,Hacienda,Les Last Minute
2,Ghlin 06/09/2026,Open Elite,Session 3,Ombeline Hald,Hacienda,Les Last Minute
3,Ghlin 06/09/2026,Open Elite,Session 3,Rayan,Elite,Les Last Minute
4,Ghlin 06/09/2026,Open Elite,Session 3,Violette Novack,Morena,Les Last Minute
5,Ghlin 06/09/2026,Open Elite,Session 3,Violette Novack,Morena,Les Last Minute
6,Ghlin 06/09/2026,Open Elite,Session 3,Violette Novack,Morena,Les Last Minute
7,Ghlin 06/09/2026,Open Elite,Session 3,Alex,Kiara,Les Last Minute
8,Ghlin 06/09/2026,Open Elite,Session 3,Mathyas,Haidy,Les Last Minute
9,Ghlin 06/09/2026,Open Elite,Session 3,Alex Mathyas,Kiara,Les Last Minute
10,Ghlin 06/09/2026,Open Elite,Session 3,Mathyas,Haidy,Les Last Minute
11,Ghlin 06/09/2026,Open Elite,Session 3,Violette Novack,Morena,Les Last Minute
12,Ghlin 06/09/2026,Open Elite,Session 3,Violette Novack Ombeline Hald,Hacienda Morena,Les Last Minute
13,Ghlin 06/09/2026,Open Elite,Session 3,Ombeline Hald,Hacienda,Les Last Minute
14,Ghlin 06/09/2026,Open Elite,Session 3,Alex,Kiara,Les Last Minute
15,Ghlin 06/09/2026,Open Elite,Session 3,Ombeline Hald,Hacienda,Les Last Minute
16,Ghlin 06/09/2026,Open Elite,Session 3,Ombeline Hald,Hacienda,Les Last Minute
17,Ghlin 06/09/2026,Open Elite,Session 3,Ombeline Hald,Hacienda,Les Last Minute
18,Ghlin 06/09/2026,Open Elite,Session 3,Ombeline Hald Mathyas,Hacienda,Les Last Minute
19,Ghlin 06/09/2026,Open Elite,Session 3,Mathyas,Haidy,Les Last Minute
20,Ghlin 06/09/2026,Open Elite,Session 3,Mathyas,Haidy,Les Last Minute
21,Ghlin 06/09/2026,Open Elite,Session 3,Mathyas,Haidy,Les Last Minute
22,Ghlin 06/09/2026,Open Elite,Session 3,Ombeline Hald Violette Novack Alex Mathyas,Hacienda Morena Elite Kiara Haidy,Les Last Minute
23,Ghlin 06/09/2026,Open Elite,Session 3,Ombeline Hald,Hacienda,Les Last Minute
24,Ghlin 06/09/2026,Open Elite,Session 3,Ombeline Hald,Hacienda,Les Last Minute
25,Ghlin 06/09/2026,Open Elite,Session 3,Ombeline Hald,Hacienda,Les Last Minute
26,Ghlin 06/09/2026,Open Elite,Session 3,Ombeline Hald,Hacienda,Les Last Minute
27,Ghlin 06/09/2026,Open Elite,Session 3,Ombeline Hald,Hacienda,Les Last Minute
28,Ghlin 06/09/2026,Open Elite,Session 3,Alex,Kiara,Les Last Minute
29,Ghlin 06/09/2026,Open Elite,Session 3,Alex,Kiara,Les Last Minute
30,Ghlin 06/09/2026,Open Elite,Session 3,Alex,Kiara,Les Last Minute
31,Ghlin 06/09/2026,Open Elite,Session 3,Violette Novack,Morena,Les Last Minute
32,Ghlin 06/09/2026,Open Elite,Session 3,Violette Novack,Morena,Les Last Minute
33,Ghlin 06/09/2026,Open Elite,Session 3,Violette Novack,Morena,Les Last Minute
34,Ghlin 06/09/2026,Open Elite,Session 3,Violette Novack,Morena,Les Last Minute
35,Ghlin 06/09/2026,Open Elite,Session 3,Violette Novack,Morena,Les Last Minute
36,Ghlin 06/09/2026,Open Elite,Session 3,Violette Novack,Morena,Les Last Minute
37,Ghlin 06/09/2026,Open Elite,Session 3,Mathyas,Haidy,Les Last Minute
38,Ghlin 06/09/2026,Open Elite,Session 3,Mathyas,Haidy,Les Last Minute
39,Ghlin 06/09/2026,Open Elite,Session 3,Alex,Kiara,Les Last Minute
40,Ghlin 06/09/2026,Open Elite,Session 3,Alex,Kiara,Les Last Minute
41,Ghlin 06/09/2026,Open Elite,Session 3,Alex,Kiara,Les Last Minute
42,Ghlin 06/09/2026,Open Elite,Session 3,Alex,Kiara,Les Last Minute
43,Ghlin 06/09/2026,Open Elite,Session 3,Alex,Kiara,Les Last Minute
44,Ghlin 06/09/2026,Open Elite,Session 3,Alex,Kiara,Les Last Minute
45,Ghlin 06/09/2026,Open Elite,Session 3,Alex,Kiara,Les Last Minute
46,Ghlin 06/09/2026,Open Elite,Session 3,Alex,Kiara,Les Last Minute
47,Ghlin 06/09/2026,Open Elite,Session 3,Alex,Kiara,Les Last Minute
48,Ghlin 06/09/2026,Open Elite,Session 3,Violette Novack,Morena,Les Last Minute
49,Ghlin 06/09/2026,Open Elite,Session 3,Violette Novack,Morena,Les Last Minute
50,Ghlin 06/09/2026,Open Elite,Session 3,Violette Novack,Morena,Les Last Minute
51,Ghlin 06/09/2026,Open Elite,Session 3,Violette Novack,Morena,Les Last Minute
52,Ghlin 06/09/2026,Open Elite,Session 3,Mathyas,Haidy,Les Last Minute
53,Ghlin 06/09/2026,Open Elite,Session 3,Mathyas,Haidy,Les Last Minute
54,Ghlin 06/09/2026,Open Elite,Session 3,Mathyas,Haidy,Les Last Minute
55,Ghlin 06/09/2026,Open Elite,Session 3,Mathyas,Haidy,Les Last Minute
56,Ghlin 06/09/2026,Open Elite,Session 3,Rayan,Elite,Les Last Minute
57,Ghlin 06/09/2026,Open Elite,Session 3,Rayan,Elite,Les Last Minute
58,Ghlin 06/09/2026,Open Elite,Session 3,Rayan,Elite,Les Last Minute
59,Ghlin 06/09/2026,Open Elite,Session 3,Rayan,Elite,Les Last Minute
60,Ghlin 06/09/2026,Open Elite,Session 3,Rayan,Elite,Les Last Minute
61,Ghlin 06/09/2026,Open Elite,Session 3,Rayan,Elite,Les Last Minute
62,Ghlin 06/09/2026,Open Elite,Session 3,Rayan,Elite,Les Last Minute
63,Ghlin 06/09/2026,Open Elite,Session 3,Rayan,Elite,Les Last Minute
64,Ghlin 06/09/2026,Open Elite,Session 3,Rayan,Elite,Les Last Minute
65,Ghlin 06/09/2026,Open Elite,Session 3,Ombeline Hald,Hacienda,Les Last Minute
66,Ghlin 06/09/2026,Open Elite,Session 3,Alex,Kiara,Les Last Minute
67,Ghlin 06/09/2026,Open Elite,Session 3,Alex,Kiara,Les Last Minute
68,Ghlin 06/09/2026,Open Elite,Session 3,Mathyas,Haidy,Les Last Minute
69,Ghlin 06/09/2026,Open Elite,Session 3,Mathyas,Haidy,Les Last Minute
70,Ghlin 06/09/2026,Open Elite,Session 3,Alex,Kiara,Les Last Minute
71,Ghlin 06/09/2026,Open Elite,Session 3,Alex,Kiara,Les Last Minute
72,Ghlin 06/09/2026,Open Elite,Session 3,Alex Violette Novack,Morena,Les Last Minute
73,Ghlin 06/09/2026,Open Elite,Session 3,Violette Novack,Morena,Les Last Minute
74,Ghlin 06/09/2026,Open Elite,Session 3,Violette Novack,Morena,Les Last Minute
75,Ghlin 06/09/2026,Open Elite,Session 3,Violette Novack,Morena,Les Last Minute
76,Ghlin 06/09/2026,Open Elite,Session 3,Rayan,Elite,Les Last Minute
77,Ghlin 06/09/2026,Open Elite,Session 3,Violette Novack,Morena,Les Last Minute
78,Ghlin 06/09/2026,Open Elite,Session 3,Violette Novack,Morena,Les Last Minute
79,Ghlin 06/09/2026,Open Elite,Session 3,Auxane Chanez,Hacienda,Les Last Minute
80,Ghlin 06/09/2026,Open Elite,Session 3,Violette Novack Alex,Morena Kiara,Les Last Minute
81,Ghlin 06/09/2026,Open Elite,Session 3,Violette Novack,Morena,Les Last Minute
82,Ghlin 06/09/2026,Open Elite,Session 3,Violette Novack,Morena,Les Last Minute
83,Ghlin 06/09/2026,Open Elite,Session 3,Rayan Alex,Elite Kiara,Les Last Minute
84,Ghlin 06/09/2026,Open Elite,Session 3,Rayan Alex,Elite Kiara,Les Last Minute
85,Ghlin 06/09/2026,Open Elite,Session 3,Rayan Alex,Elite Kiara,Les Last Minute
86,Ghlin 06/09/2026,Open Elite,Session 3,Alex Ombeline Hald,Hacienda Kiara,Les Last Minute
87,Ghlin 06/09/2026,Open Elite,Session 3,Alex Ombeline Hald,Hacienda Kiara,Les Last Minute
88,Ghlin 06/09/2026,Open Elite,Session 3,Alex Ombeline Hald,Hacienda Kiara,Les Last Minute
89,Ghlin 06/09/2026,Open Elite,Session 3,Violette Novack,Morena,Les Last Minute
90,Ghlin 06/09/2026,Open Elite,Session 3,Violette Novack,Morena,Les Last Minute
91,Ghlin 06/09/2026,Open Elite,Session 3,Violette Novack,Morena,Les Last Minute
92,Ghlin 06/09/2026,Open Elite,Session 3,Violette Novack,Morena,Les Last Minute
93,Ghlin 06/09/2026,Open Elite,Session 3,Violette Novack,Morena,Les Last Minute
94,Ghlin 06/09/2026,Open Elite,Session 3,Violette Novack,Morena,Les Last Minute
95,Ghlin 06/09/2026,Open Elite,Session 3,Violette Novack,Morena,Les Last Minute
96,Ghlin 06/09/2026,Open Elite,Session 3,Rayan,Elite,Les Last Minute
97,Ghlin 06/09/2026,Open Elite,Session 3,Rayan,Elite,Les Last Minute
98,Ghlin 06/09/2026,Open Elite,Session 3,Rayan,Elite,Les Last Minute
99,Ghlin 06/09/2026,Open Elite,Session 3,Rayan,Elite,Les Last Minute
100,Ghlin 06/09/2026,Open Elite,Session 3,Mathyas,Haidy,Les Last Minute
101,Ghlin 06/09/2026,Open Elite,Session 3,Mathyas,Haidy,Les Last Minute
102,Ghlin 06/09/2026,Open Elite,Session 3,Mathyas,Haidy,Les Last Minute
103,Ghlin 06/09/2026,Open Elite,Session 3,Alex,Kiara,Les Last Minute
104,Ghlin 06/09/2026,Open Elite,Session 3,Alex,Kiara,Les Last Minute
105,Ghlin 06/09/2026,Open Elite,Session 3,Alex,Kiara,Les Last Minute
106,Ghlin 06/09/2026,Open Elite,Session 3,Alex,Kiara,Les Last Minute
107,Ghlin 06/09/2026,Open Elite,Session 3,Alex,Kiara,Les Last Minute
108,Ghlin 06/09/2026,Open Elite,Session 3,Ombeline Hald,Hacienda,Les Last Minute
109,Ghlin 06/09/2026,Open Elite,Session 3,Rayan,Elite,Les Last Minute
110,Ghlin 06/09/2026,Open Elite,Session 3,Rayan,Elite,Les Last Minute
111,Ghlin 06/09/2026,Open Elite,Session 3,Rayan,Elite,Les Last Minute
112,Ghlin 06/09/2026,Open Elite,Session 3,Rayan Ombeline Hald,Hacienda Elite,Les Last Minute
113,Ghlin 06/09/2026,Open Elite,Session 3,Ombeline Hald,Hacienda,Les Last Minute
114,Ghlin 06/09/2026,Open Elite,Session 3,Ombeline Hald,Hacienda,Les Last Minute
115,Ghlin 06/09/2026,Open Elite,Session 3,Ombeline Hald,Hacienda,Les Last Minute
116,Ghlin 06/09/2026,Open Elite,Session 3,Ombeline Hald,Hacienda,Les Last Minute
117,Ghlin 06/09/2026,Open Elite,Session 3,Ombeline Hald,Hacienda,Les Last Minute
118,Ghlin 06/09/2026,Open Elite,Session 3,Violette Novack,Morena,Les Last Minute
119,Ghlin 06/09/2026,Open Elite,Session 3,Violette Novack,Morena,Les Last Minute
120,Ghlin 06/09/2026,Open Elite,Session 3,Violette Novack,Morena,Les Last Minute
121,Ghlin 06/09/2026,Open Elite,Session 3,Violette Novack,Morena,Les Last Minute
122,Ghlin 06/09/2026,Open Elite,Session 3,Violette Novack,Morena,Les Last Minute
123,Ghlin 06/09/2026,Open Elite,Session 3,Mathyas,Haidy,Les Last Minute
124,Ghlin 06/09/2026,Open Elite,Session 3,Mathyas,Haidy,Les Last Minute
125,Ghlin 06/09/2026,Open Elite,Session 3,Mathyas,Haidy,Les Last Minute
126,Ghlin 06/09/2026,Open Elite,Session 3,Mathyas,Haidy,Les Last Minute
127,Ghlin 06/09/2026,Open Elite,Session 3,Mathyas,Haidy,Les Last Minute
128,Ghlin 06/09/2026,Open Elite,Session 3,Ombeline Hald,Hacienda,Les Last Minute
129,Ghlin 06/09/2026,Open Elite,Session 3,Mathyas,Haidy,Les Last Minute
130,Ghlin 06/09/2026,Open Elite,Session 3,Ombeline Hald,Hacienda,Les Last Minute
131,Ghlin 06/09/2026,Open Elite,Session 3,Violette Novack,Morena,Les Last Minute
132,Ghlin 06/09/2026,Open Elite,Session 3,Violette Novack,Morena,Les Last Minute
133,Ghlin 06/09/2026,Open Elite,Session 3,Ombeline Hald Alex,Hacienda Kiara,Les Last Minute
134,Ghlin 06/09/2026,Open Elite,Session 3,Alex,Kiara,Les Last Minute
135,Ghlin 06/09/2026,Open Elite,Session 3,Alex,Kiara,Les Last Minute
136,Ghlin 06/09/2026,Open Elite,Session 3,Alex,Kiara,Les Last Minute
137,Ghlin 06/09/2026,Open Elite,Session 3,Mathyas,Haidy,Les Last Minute
138,Ghlin 06/09/2026,Open Elite,Session 3,Auxane Chanez,Hacienda,Les Last Minute
139,Ghlin 06/09/2026,Open Elite,Session 3,Violette Novack,Morena,Les Last Minute
140,Ghlin 06/09/2026,Open Elite,Session 3,Mathyas,Haidy,Les Last Minute
141,Ghlin 06/09/2026,Open Elite,Final,Manu,Non,Les Last Minute
142,Ghlin 06/09/2026,Open Elite,Final,Ombeline Rayan Violette Alex,Hacienda Elite Morena Kiara,Les Last Minute
143,Ghlin 06/09/2026,Open Elite,Final,Ombeline,Hacienda,Les Last Minute
144,Ghlin 06/09/2026,Open Elite,Final,Ombeline,Hacienda,Les Last Minute
145,Ghlin 06/09/2026,Open Elite,Final,Manu,Non,Les Last Minute
146,Ghlin 06/09/2026,Open Elite,Final,Alex Rayan,Kiara Elite,Les Last Minute
147,Ghlin 06/09/2026,Open Elite,Final,Alex Rayan,Kiara Elite,Les Last Minute
148,Ghlin 06/09/2026,Open Elite,Final,Violette Novack,Morena,Les Last Minute
149,Ghlin 06/09/2026,Open Elite,Final,Violette Novack,Morena,Les Last Minute
150,Ghlin 06/09/2026,Open Elite,Final,Violette Novack,Morena,Les Last Minute
151,Ghlin 06/09/2026,Open Elite,Final,Mathyas,Haidy,Les Last Minute
152,Ghlin 06/09/2026,Open Elite,Final,Ombeline,Hacienda,Les Last Minute
153,Ghlin 06/09/2026,Open Elite,Final,Alex,Kiara,Les Last Minute
154,Ghlin 06/09/2026,Open Elite,Final,Alex,Kiara,Les Last Minute
155,Ghlin 06/09/2026,Open Elite,Final,Alex,Kiara,Les Last Minute
156,Ghlin 06/09/2026,Open Elite,Final,Mathyas,Haidy,Les Last Minute
157,Ghlin 06/09/2026,Open Elite,Final,Mathyas,Haidy,Les Last Minute
158,Ghlin 06/09/2026,Open Elite,Final,Mathyas Rayan,Haidy Elite,Les Last Minute
159,Ghlin 06/09/2026,Open Elite,Final,Alex,Kiara,Les Last Minute
160,Ghlin 06/09/2026,Open Elite,Final,Alex Violette Novack,Morena Kiara,Les Last Minute
161,Ghlin 06/09/2026,Open Elite,Final,Rayan,Elite,Les Last Minute
162,Ghlin 06/09/2026,Open Elite,Final,Rayan,Elite,Les Last Minute
163,Ghlin 06/09/2026,Open Elite,Final,Mathyas,Haidy,Les Last Minute
164,Ghlin 06/09/2026,Open Elite,Final,Mathyas,Haidy,Les Last Minute
165,Ghlin 06/09/2026,Open Elite,Final,Mathyas,Haidy,Les Last Minute
166,Ghlin 06/09/2026,Open Elite,Final,Violette Novack,Morena,Les Last Minute
167,Ghlin 06/09/2026,Open Elite,Final,Violette Novack,Morena,Les Last Minute
168,Ghlin 06/09/2026,Open Elite,Final,Violette Novack,Morena,Les Last Minute
169,Ghlin 06/09/2026,Open Elite,Final,Violette Novack,Morena,Les Last Minute
170,Ghlin 06/09/2026,Open Elite,Final,Violette Novack,Morena,Les Last Minute
171,Ghlin 06/09/2026,Open Elite,Final,Alex,Kiara,Les Last Minute
172,Ghlin 06/09/2026,Open Elite,Final,Alex,Kiara,Les Last Minute
173,Ghlin 06/09/2026,Open Elite,Final,Alex,Kiara,Les Last Minute
174,Ghlin 06/09/2026,Open Elite,Final,Alex,Kiara,Les Last Minute
175,Ghlin 06/09/2026,Open Elite,Final,Alex,Kiara,Les Last Minute
176,Ghlin 06/09/2026,Open Elite,Final,Ombeline,Hacienda,Les Last Minute
177,Ghlin 06/09/2026,Open Elite,Final,Ombeline,Hacienda,Les Last Minute
178,Ghlin 06/09/2026,Open Elite,Final,Ombeline,Hacienda,Les Last Minute
179,Ghlin 06/09/2026,Open Elite,Final,Ombeline,Hacienda,Les Last Minute
180,Ghlin 06/09/2026,Open Elite,Final,Ombeline,Hacienda,Les Last Minute
181,Ghlin 06/09/2026,Open Elite,Final,Ombeline,Hacienda,Les Last Minute
182,Ghlin 06/09/2026,Open Elite,Final,Ombeline,Hacienda,Les Last Minute
183,Ghlin 06/09/2026,Open Elite,Final,Ombeline,Hacienda,Les Last Minute
184,Ghlin 06/09/2026,Open Elite,Final,Mathyas,Haidy,Les Last Minute
185,Ghlin 06/09/2026,Open Elite,Final,Mathyas,Haidy,Les Last Minute
186,Ghlin 06/09/2026,Open Elite,Final,Mathyas,Haidy,Les Last Minute
187,Ghlin 06/09/2026,Open Elite,Final,Alex,Kiara,Les Last Minute
188,Ghlin 06/09/2026,Open Elite,Final,Alex,Kiara,Les Last Minute
189,Ghlin 06/09/2026,Open Elite,Final,Alex,Kiara,Les Last Minute
190,Ghlin 06/09/2026,Open Elite,Final,Violette Novack,Morena,Les Last Minute
191,Ghlin 06/09/2026,Open Elite,Final,Violette Novack,Morena,Les Last Minute
192,Ghlin 06/09/2026,Open Elite,Final,Mathyas,Haidy,Les Last Minute
193,Ghlin 06/09/2026,Open Elite,Final,Mathyas,Haidy,Les Last Minute
194,Ghlin 06/09/2026,Open Elite,Final,Mathyas,Haidy,Les Last Minute
195,Ghlin 06/09/2026,Open Elite,Final,Mathyas,Haidy,Les Last Minute
196,Ghlin 06/09/2026,Open Elite,Final,Mathyas,Haidy,Les Last Minute
197,Ghlin 06/09/2026,Open Elite,Final,Mathyas,Haidy,Les Last Minute
198,Ghlin 06/09/2026,Open Elite,Final,Alex,Kiara,Les Last Minute
199,Ghlin 06/09/2026,Open Elite,Final,Alex,Kiara,Les Last Minute
200,Ghlin 06/09/2026,Open Elite,Final,Alex,Kiara,Les Last Minute
201,Ghlin 06/09/2026,Open Elite,Final,Alex,Kiara,Les Last Minute
202,Ghlin 06/09/2026,Open Elite,Final,Alex,Kiara,Les Last Minute
203,Ghlin 06/09/2026,Open Elite,Final,Ombeline,Hacienda,Les Last Minute
204,Ghlin 06/09/2026,Open Elite,Final,Ombeline,Hacienda,Les Last Minute
205,Ghlin 06/09/2026,Open Elite,Final,Ombeline,Hacienda,Les Last Minute
206,Ghlin 06/09/2026,Open Elite,Final,Ombeline,Hacienda,Les Last Minute
207,Ghlin 06/09/2026,Open Elite,Final,Rayan,Elite,Les Last Minute
208,Ghlin 06/09/2026,Open Elite,Final,Rayan,Elite,Les Last Minute
209,Ghlin 06/09/2026,Open Elite,Final,Rayan,Elite,Les Last Minute
210,Ghlin 06/09/2026,Open Elite,Final,Rayan,Elite,Les Last Minute
211,Ghlin 06/09/2026,Open Elite,Final,Ombeline,Hacienda,Les Last Minute
212,Ghlin 06/09/2026,Open Elite,Final,Rayan,Elite,Les Last Minute
213,Ghlin 06/09/2026,Open Elite,Final,Mathyas,Haidy,Les Last Minute
214,Ghlin 06/09/2026,Open Elite,Final,Mathyas,Haidy,Les Last Minute
215,Ghlin 06/09/2026,Open Elite,Final,Mathyas,Haidy,Les Last Minute
216,Ghlin 06/09/2026,Open Elite,Final,Ombeline,Hacienda,Les Last Minute
217,Ghlin 06/09/2026,Open Elite,Final,Ombeline,Hacienda,Les Last Minute
218,Ghlin 06/09/2026,Open Elite,Final,Alex,Kiara,Les Last Minute
219,Ghlin 06/09/2026,Open Elite,Final,Alex,Kiara,Les Last Minute
220,Ghlin 06/09/2026,Open Elite,Final,Alex,Kiara,Les Last Minute
221,Ghlin 06/09/2026,Open Elite,Final,Alex,Kiara,Les Last Minute
222,Ghlin 06/09/2026,Open Elite,Final,Violette Novack,Morena,Les Last Minute
223,Ghlin 06/09/2026,Open Elite,Final,Violette Novack,Morena,Les Last Minute
224,Ghlin 06/09/2026,Open Elite,Final,Rayan,Elite,Les Last Minute
225,Ghlin 06/09/2026,Open Elite,Final,Rayan,Elite,Les Last Minute
226,Ghlin 06/09/2026,Open Elite,Final,Rayan,Elite,Les Last Minute
227,Ghlin 06/09/2026,Open Elite,Final,Rayan,Elite,Les Last Minute
228,Ghlin 06/09/2026,Open Elite,Final,Rayan,Elite,Les Last Minute
229,Ghlin 06/09/2026,Open Elite,Final,Alex,Kiara,Les Last Minute
230,Ghlin 06/09/2026,Open Elite,Final,Violette Novack,Morena,Les Last Minute
231,Ghlin 06/09/2026,Open Elite,Final,Violette Novack,Morena,Les Last Minute
232,Ghlin 06/09/2026,Open Elite,Final,Mathyas,Haidy,Les Last Minute
233,Ghlin 06/09/2026,Open Elite,Final,Mathyas,Haidy,Les Last Minute
234,Ghlin 06/09/2026,Open Elite,Final,Rayan,Elite,Les Last Minute
235,Ghlin 06/09/2026,Open Elite,Final,Rayan,Elite,Les Last Minute
236,Ghlin 06/09/2026,Open Elite,Final,Rayan,Elite,Les Last Minute
237,Ghlin 06/09/2026,Open Elite,Final,Rayan,Elite,Les Last Minute
238,Ghlin 06/09/2026,Open Elite,Final,Violette Novack,Morena,Les Last Minute
239,Ghlin 06/09/2026,Open Elite,Final,Violette Novack,Morena,Les Last Minute
240,Ghlin 06/09/2026,Open Elite,Final,Alex,Kiara,Les Last Minute
241,Ghlin 06/09/2026,Open Elite,Final,Alex,Kiara,Les Last Minute
242,Ghlin 06/09/2026,Open Elite,Final,Alex,Kiara,Les Last Minute
243,Ghlin 06/09/2026,Open Elite,Final,Alex,Kiara,Les Last Minute
244,Ghlin 06/09/2026,Open Elite,Final,Alex,Kiara,Les Last Minute
245,Ghlin 06/09/2026,Open Elite,Final,Alex,Kiara,Les Last Minute
246,Ghlin 06/09/2026,Open Elite,Final,Alex,Kiara,Les Last Minute
247,Ghlin 06/09/2026,Open Elite,Final,Rayan,Elite,Les Last Minute
248,Ghlin 06/09/2026,Open Elite,Final,Rayan,Elite,Les Last Minute
249,Ghlin 06/09/2026,Open Elite,Final,Rayan,Elite,Les Last Minute
250,Ghlin 06/09/2026,Open Elite,Final,Rayan,Elite,Les Last Minute
251,Ghlin 06/09/2026,Open Elite,Final,Rayan,Elite,Les Last Minute
252,Ghlin 06/09/2026,Open Elite,Final,Rayan,Elite,Les Last Minute
253,Ghlin 06/09/2026,Open Elite,Final,Violette Novack,Morena,Les Last Minute
254,Ghlin 06/09/2026,Open Elite,Final,Violette Novack,Morena,Les Last Minute
255,Ghlin 06/09/2026,Open Elite,Final,Violette Novack,Morena,Les Last Minute
256,Ghlin 06/09/2026,Open Elite,Final,Violette Novack,Morena,Les Last Minute
257,Ghlin 06/09/2026,Open Elite,Final,Ombeline,Hacienda Kiara Morena Elite Haidy,Les Last Minute
258,Ghlin 06/09/2026,Open Elite,Final,Ombeline,Hacienda Kiara Morena Elite Haidy,Les Last Minute
259,Ghlin 06/09/2026,Open Elite,Final,Ombeline,Hacienda Kiara Morena Elite Haidy,Les Last Minute
260,Ghlin 06/09/2026,Open Elite,Final,Ombeline,Hacienda Kiara Morena Elite Haidy,Les Last Minute
261,Ghlin 06/09/2026,Open Elite,Final,Ombeline Violette Rayan Mathyas Alex,Hacienda Kiara Morena Elite Haidy,Les Last Minute
262,Ghlin 06/09/2026,Open Elite,Final,Ombeline Violette Rayan Mathyas Alex,Hacienda Kiara Morena Elite Haidy,Les Last Minute
263,Ghlin 06/09/2026,Open Elite,Final,Ombeline Violette Rayan Mathyas Alex,Hacienda Kiara Morena Elite Haidy,Les Last Minute
264,Ghlin 06/09/2026,Open Elite,Final,Alex,Kiara,Les Last Minute
300,Alluets 16/03/2025,Junior Elite,Session,Maya Legrand,Champagne,Les z'abeilles
301,Alluets 16/03/2025,Junior Elite,Session,Auxane Chanez,Hacienda,Les z'abeilles
302,Alluets 16/03/2025,Junior Elite,Session,Maya Legrand Ombeline Hald,Champagne Hold'up,Les z'abeilles
303,Alluets 16/03/2025,Junior Elite,Session,Auxane Chanez,Hacienda,Les z'abeilles
304,Alluets 16/03/2025,Junior Elite,Session,Auxane Chanez,Hacienda,Les z'abeilles
305,Alluets 16/03/2025,Junior Elite,Session,Auxane Chanez,Hacienda,Les z'abeilles
306,Alluets 16/03/2025,Junior Elite,Session,Auxane Chanez,Hacienda,Les z'abeilles
307,Alluets 16/03/2025,Junior Elite,Session,Maya Legrand,Champagne,Les z'abeilles
308,Alluets 16/03/2025,Junior Elite,Session,Maya Legrand,Champagne,Les z'abeilles
309,Alluets 16/03/2025,Junior Elite,Session,Maya Legrand,Champagne,Les z'abeilles
310,Alluets 16/03/2025,Junior Elite,Session,Maya Legrand,Champagne,Les z'abeilles
311,Alluets 16/03/2025,Junior Elite,Session,Ombeline Hald,Hold'up,Les z'abeilles
312,Alluets 16/03/2025,Junior Elite,Session,Maya Legrand,Champagne,Les z'abeilles
313,Alluets 16/03/2025,Junior Elite,Session,Violette Novack,Valkie,Les z'abeilles
314,Alluets 16/03/2025,Junior Elite,Session,Violette Novack,Valkie,Les z'abeilles
315,Alluets 16/03/2025,Junior Elite,Session,Ombeline Hald,Hold'up,Les z'abeilles
316,Alluets 16/03/2025,Junior Elite,Session,Ombeline Hald,Hold'up,Les z'abeilles
317,Alluets 16/03/2025,Junior Elite,Session,Ombeline Hald,Hold'up,Les z'abeilles
318,Alluets 16/03/2025,Junior Elite,Session,Ombeline Hald,Hold'up,Les z'abeilles
319,Alluets 16/03/2025,Junior Elite,Session,Ombeline Hald,Hold'up,Les z'abeilles
320,Alluets 16/03/2025,Junior Elite,Session,Auxane Chanez,Hacienda,Les z'abeilles
321,Alluets 16/03/2025,Junior Elite,Session,Auxane Chanez,Hacienda,Les z'abeilles
322,Alluets 16/03/2025,Junior Elite,Session,Auxane Chanez,Hacienda,Les z'abeilles
323,Alluets 16/03/2025,Junior Elite,Session,Maya Legrand,Champagne,Les z'abeilles
324,Alluets 16/03/2025,Junior Elite,Session,Auxane Chanez,Hacienda,Les z'abeilles
325,Alluets 16/03/2025,Junior Elite,Session,Maya Legrand,Champagne,Les z'abeilles
326,Alluets 16/03/2025,Junior Elite,Session,Maya Legrand,Champagne,Les z'abeilles
327,Alluets 16/03/2025,Junior Elite,Session,Maya Legrand,Champagne,Les z'abeilles
328,Alluets 16/03/2025,Junior Elite,Session,Maya Legrand,Champagne,Les z'abeilles
329,Alluets 16/03/2025,Junior Elite,Session,Maya Legrand,Champagne,Les z'abeilles
330,Alluets 16/03/2025,Junior Elite,Session,Maya Legrand,Champagne,Les z'abeilles
331,Alluets 16/03/2025,Junior Elite,Session,Maya Legrand,Champagne,Les z'abeilles
332,Alluets 16/03/2025,Junior Elite,Session,Maya Legrand,Champagne,Les z'abeilles
333,Alluets 16/03/2025,Junior Elite,Session,Maya Legrand,Champagne,Les z'abeilles
334,Alluets 16/03/2025,Junior Elite,Session,Maya Legrand,Champagne,Les z'abeilles
335,Alluets 16/03/2025,Junior Elite,Session,Maya Legrand,Champagne,Les z'abeilles
336,Alluets 16/03/2025,Junior Elite,Session,Auxane Chanez,Hacienda,Les z'abeilles
337,Alluets 16/03/2025,Junior Elite,Session,Auxane Chanez,Hacienda,Les z'abeilles
338,Alluets 16/03/2025,Junior Elite,Session,Auxane Chanez,Hacienda,Les z'abeilles
339,Alluets 16/03/2025,Junior Elite,Session,Auxane Chanez,Hacienda,Les z'abeilles
340,Alluets 16/03/2025,Junior Elite,Session,Auxane Chanez,Hacienda,Les z'abeilles
341,Alluets 16/03/2025,Junior Elite,Session,Auxane Chanez,Hacienda,Les z'abeilles
342,Alluets 16/03/2025,Junior Elite,Session,Ombeline Hald,Hold'up,Les z'abeilles
343,Alluets 16/03/2025,Junior Elite,Session,Ombeline Hald,Hold'up,Les z'abeilles
344,Alluets 16/03/2025,Junior Elite,Session,Ombeline Hald,Hold'up,Les z'abeilles
345,Alluets 16/03/2025,Junior Elite,Session,Maya Legrand,Champagne,Les z'abeilles
346,Alluets 16/03/2025,Junior Elite,Session,Ombeline Hald,Hold'up,Les z'abeilles
347,Alluets 16/03/2025,Junior Elite,Session,Ombeline Hald,Hold'up,Les z'abeilles
348,Alluets 16/03/2025,Junior Elite,Session,Ombeline Hald,Hold'up,Les z'abeilles
349,Alluets 16/03/2025,Junior Elite,Session,Ombeline Hald,Hold'up,Les z'abeilles
350,Alluets 16/03/2025,Junior Elite,Session,Ombeline Hald,Hold'up,Les z'abeilles
351,Alluets 16/03/2025,Junior Elite,Session,Violette Novack,Valkie,Les z'abeilles
352,Alluets 16/03/2025,Junior Elite,Session,Violette Novack,Valkie,Les z'abeilles
353,Alluets 16/03/2025,Junior Elite,Session,Violette Novack,Valkie,Les z'abeilles
354,Alluets 16/03/2025,Junior Elite,Session,Violette Novack,Valkie,Les z'abeilles
355,Alluets 16/03/2025,Junior Elite,Session,Violette Novack,Valkie,Les z'abeilles
356,Alluets 16/03/2025,Junior Elite,Session,Violette Novack,Valkie,Les z'abeilles
357,Alluets 16/03/2025,Junior Elite,Session,Maya Legrand,Champagne,Les z'abeilles
358,Alluets 16/03/2025,Junior Elite,Session,Auxane Chanez,Hacienda,Les z'abeilles
359,Alluets 16/03/2025,Junior Elite,Session,Violette Novack,Valkie,Les z'abeilles
360,Alluets 16/03/2025,Junior Elite,Session,Auxane Chanez,Hacienda,Les z'abeilles
361,Alluets 16/03/2025,Junior Elite,Session,Ombeline Hald,Hold'up,Les z'abeilles
362,Alluets 16/03/2025,Junior Elite,Session,Ombeline Hald,Hold'up,Les z'abeilles
363,Alluets 16/03/2025,Junior Elite,Session,Maya Legrand,Champagne,Les z'abeilles
364,Alluets 16/03/2025,Junior Elite,Session,Maya Legrand,Champagne,Les z'abeilles
365,Alluets 16/03/2025,Junior Elite,Session,Maya Legrand,Champagne,Les z'abeilles
366,Alluets 16/03/2025,Junior Elite,Session,Maya Legrand,Champagne,Les z'abeilles
367,Alluets 16/03/2025,Junior Elite,Session,Maya Legrand,Champagne,Les z'abeilles
368,Alluets 16/03/2025,Junior Elite,Session,Violette Novack,Valkie,Les z'abeilles
369,Alluets 16/03/2025,Junior Elite,Session,Violette Novack,Valkie,Les z'abeilles
370,Alluets 16/03/2025,Junior Elite,Session,Violette Novack,Valkie,Les z'abeilles
371,Alluets 16/03/2025,Junior Elite,Session,Ombeline Hald,Hold'up,Les z'abeilles
372,Alluets 16/03/2025,Junior Elite,Session,Ombeline Hald,Hold'up,Les z'abeilles
373,Alluets 16/03/2025,Junior Elite,Session,Auxane Chanez,Hacienda,Les z'abeilles
374,Alluets 16/03/2025,Junior Elite,Session,Auxane Chanez,Hacienda,Les z'abeilles
375,Alluets 16/03/2025,Junior Elite,Session,Ombeline Hald Maya Legrand,Hod'up Champagne,Les z'abeilles
376,Alluets 16/03/2025,Junior Elite,Session,Maya Legrand,Champagne,Les z'abeilles
377,Alluets 16/03/2025,Junior Elite,Session,Auxane Chanez,Hacienda,Les z'abeilles
378,Alluets 16/03/2025,Junior Elite,Session,Auxane Chanez,Hacienda,Les z'abeilles
379,Alluets 16/03/2025,Junior Elite,Session,Auxane Chanez,Hacienda,Les z'abeilles
380,Alluets 16/03/2025,Junior Elite,Session,Auxane Chanez,Hacienda,Les z'abeilles
381,Alluets 16/03/2025,Junior Elite,Session,Violette Novack,Valkie,Les z'abeilles
382,Alluets 16/03/2025,Junior Elite,Session,Auxane Chanez,Hacienda,Les z'abeilles
383,Alluets 16/03/2025,Junior Elite,Session,Maya Legrand,Champagne,Les z'abeilles
384,Alluets 16/03/2025,Junior Elite,Session,Violette Novack,Valkie,Les z'abeilles
385,Alluets 16/03/2025,Junior Elite,Session,Violette Novack,Valkie,Les z'abeilles
386,Alluets 16/03/2025,Junior Elite,Session,Violette Novack,Valkie,Les z'abeilles
387,Alluets 16/03/2025,Junior Elite,Session,Violette Novack Auxane Chanez,Valkie Hacienda,Les z'abeilles
388,Alluets 16/03/2025,Junior Elite,Session,Ombeline Hald,Hold'up,Les z'abeilles
389,Alluets 16/03/2025,Junior Elite,Session,Ombeline Hald,Hold'up,Les z'abeilles
390,Alluets 16/03/2025,Junior Elite,Session,Violette Novack,Valkie,Les z'abeilles
391,Alluets 16/03/2025,Junior Elite,Session,Violette Novack,Valkie,Les z'abeilles
392,Alluets 16/03/2025,Junior Elite,Session,Violette Novack,Valkie,Les z'abeilles
393,Alluets 16/03/2025,Junior Elite,Session,Violette Novack,Valkie,Les z'abeilles
394,Alluets 16/03/2025,Junior Elite,Session,Violette Novack,Valkie,Les z'abeilles
395,Alluets 16/03/2025,Junior Elite,Session,Violette Novack,Valkie,Les z'abeilles
396,Alluets 16/03/2025,Junior Elite,Session,Violette Novack,Valkie,Les z'abeilles
397,Alluets 16/03/2025,Junior Elite,Session,Maya Legrand,Champagne,Les z'abeilles
398,Alluets 16/03/2025,Junior Elite,Session,Maya Legrand,Champagne,Les z'abeilles
399,Alluets 16/03/2025,Junior Elite,Session,Maya Legrand,Champagne,Les z'abeilles
400,Alluets 16/03/2025,Junior Elite,Session,Maya Legrand,Champagne,Les z'abeilles
401,Alluets 16/03/2025,Junior Elite,Session,Auxane Chanez,Hacienda,Les z'abeilles
402,Alluets 16/03/2025,Junior Elite,Session,Violette Novack,Valkie,Les z'abeilles
403,Alluets 16/03/2025,Junior Elite,Session,Auxane Chanez,Hacienda,Les z'abeilles
404,Alluets 16/03/2025,Junior Elite,Session,Auxane Chanez,Hacienda,Les z'abeilles
405,Alluets 16/03/2025,Junior Elite,Session,Ombeline Hald,Hold'up,Les z'abeilles
406,Alluets 16/03/2025,Junior Elite,Session,Ombeline Hald,Hold'up,Les z'abeilles
407,Alluets 16/03/2025,Junior Elite,Session,Ombeline Hald,Hold'up,Les z'abeilles
408,Alluets 16/03/2025,Junior Elite,Session,Ombeline Hald,Hold'up,Les z'abeilles
409,Alluets 16/03/2025,Junior Elite,Session,Ombeline Hald,Hold'up,Les z'abeilles
410,Alluets 16/03/2025,Junior Elite,Session,Auxane Chanez,Hacienda,Les z'abeilles
411,Alluets 16/03/2025,Junior Elite,Session,Auxane Chanez,Hacienda,Les z'abeilles
412,Alluets 16/03/2025,Junior Elite,Session,Auxane Chanez,Hacienda,Les z'abeilles
413,Alluets 16/03/2025,Junior Elite,Session,Violette Novack,Valkie,Les z'abeilles
414,Alluets 16/03/2025,Junior Elite,Session,Auxane Chanez,Hacienda,Les z'abeilles
415,Alluets 16/03/2025,Junior Elite,Session,Auxane Chanez,Hacienda,Les z'abeilles
416,Alluets 16/03/2025,Junior Elite,Session,Violette Novack,Valkie,Les z'abeilles
417,Alluets 16/03/2025,Junior Elite,Session,Violette Novack,Valkie,Les z'abeilles
418,Alluets 16/03/2025,Junior Elite,Session,Violette Novack,Valkie,Les z'abeilles
419,Alluets 16/03/2025,Junior Elite,Session,Violette Novack,Valkie,Les z'abeilles
420,Alluets 16/03/2025,Junior Elite,Session,Violette Novack,Valkie,Les z'abeilles
421,Alluets 16/03/2025,Junior Elite,Session,Violette Novack,Valkie,Les z'abeilles
422,Alluets 16/03/2025,Junior Elite,Session,Violette Novack,Valkie,Les z'abeilles
423,Alluets 16/03/2025,Junior Elite,Session,Ombeline Hald,Hold'up,Les z'abeilles
424,Alluets 16/03/2025,Junior Elite,Session,Ombeline Hald,Hold'up,Les z'abeilles
425,Alluets 16/03/2025,Junior Elite,Session,Ombeline Hald,Hold'up,Les z'abeilles
426,Alluets 16/03/2025,Junior Elite,Session,Ombeline Hald,Hold'up,Les z'abeilles
427,Alluets 16/03/2025,Junior Elite,Session,Ombeline Hald,Hold'up,Les z'abeilles
428,Alluets 16/03/2025,Junior Elite,Session,Ombeline Hald,Hold'up,Les z'abeilles
429,Alluets 16/03/2025,Junior Elite,Session,Maya Legrand,Champagne,Les z'abeilles
430,Alluets 16/03/2025,Junior Elite,Session,Maya Legrand,Champagne,Les z'abeilles
431,Alluets 16/03/2025,Junior Elite,Session,Maya Legrand,Champagne,Les z'abeilles
432,Alluets 16/03/2025,Junior Elite,Session,Maya Legrand,Champagne,Les z'abeilles
433,Alluets 16/03/2025,Junior Elite,Session,Violette Novack,Valkie,Les z'abeilles
434,Alluets 16/03/2025,Junior Elite,Session,Violette Novack,Valkie,Les z'abeilles
435,Alluets 16/03/2025,Junior Elite,Session,Ombeline Hald,Hold'up,Les z'abeilles
436,Alluets 16/03/2025,Junior Elite,Session,Violette Novack,Hold'up,Les z'abeilles
437,Alluets 16/03/2025,Junior Elite,Session,Violette Novack,Valkie,Les z'abeilles
438,Alluets 16/03/2025,Junior Elite,Session,Auxane Chanez,Valkie,Les z'abeilles
439,Alluets 16/03/2025,Junior Elite,Session,Auxane Chanez,Hacienda,Les z'abeilles
440,Alluets 16/03/2025,Junior Elite,Session,Auxane Chanez,Hacienda,Les z'abeilles
441,Alluets 16/03/2025,Junior Elite,Session,Auxane Chanez,Hacienda,Les z'abeilles
442,Alluets 16/03/2025,Junior Elite,Session,Maya Legrand,Champagne,Les z'abeilles
443,Alluets 16/03/2025,Junior Elite,Session,Maya Legrand,Champagne,Les z'abeilles
444,Alluets 16/03/2025,Junior Elite,Session,Maya Legrand,Champagne,Les z'abeilles
445,Alluets 16/03/2025,Junior Elite,Session,Maya Legrand,Champagne,Les z'abeilles
446,Alluets 16/03/2025,Junior Elite,Session,Ombeline Hald,Hold'up,Les z'abeilles
447,Alluets 16/03/2025,Junior Elite,Session,Ombeline Hald,Hold'up,Les z'abeilles
448,Alluets 16/03/2025,Junior Elite,Session,Ombeline Hald,Hold'up,Les z'abeilles
449,Alluets 16/03/2025,Junior Elite,Session,Ombeline Hald,Hold'up,Les z'abeilles
450,Alluets 16/03/2025,Junior Elite,Session,Ombeline Hald,Hold'up,Les z'abeilles
451,Alluets 16/03/2025,Junior Elite,Session,Ombeline Hald,Hold'up,Les z'abeilles
452,Alluets 16/03/2025,Junior Elite,Session,Ombeline Hald,Hold'up,Les z'abeilles
453,Alluets 16/03/2025,Junior Elite,Session,Violette Novack,Valkie,Les z'abeilles
454,Alluets 16/03/2025,Junior Elite,Session,Violette Novack,Valkie,Les z'abeilles
455,Alluets 16/03/2025,Junior Elite,Session,Violette Novack,Valkie,Les z'abeilles
456,Alluets 16/03/2025,Junior Elite,Session,Violette Novack,Valkie,Les z'abeilles
457,Alluets 16/03/2025,Junior Elite,Session,Ombeline Hald,Hold'up,Les z'abeilles
458,Alluets 16/03/2025,Junior Elite,Session,Ombeline Hald,Hold'up,Les z'abeilles
459,Alluets 16/03/2025,Junior Elite,Session,Ombeline Hald,Hold'up,Les z'abeilles
460,Alluets 16/03/2025,Junior Elite,Session,Ombeline Hald,Hold'up,Les z'abeilles
461,Alluets 16/03/2025,Junior Elite,Session,Ombeline Hald,Hold'up,Les z'abeilles
462,Alluets 16/03/2025,Junior Elite,Session,Ombeline Hald,Hold'up,Les z'abeilles
463,Alluets 16/03/2025,Junior Elite,Session,Ombeline Hald,Hold'up,Les z'abeilles
464,Alluets 16/03/2025,Junior Elite,Session,Ombeline Hald,Hold'up,Les z'abeilles
465,Alluets 16/03/2025,Junior Elite,Session,Ombeline Hald,Hold'up,Les z'abeilles
466,Alluets 16/03/2025,Junior Elite,Session,Ombeline Hald,Hold'up,Les z'abeilles
467,Alluets 16/03/2025,Junior Elite,Session,Auxane Chanez,Hacienda,Les z'abeilles
500,Mantes St Martin 09/02/2025,Poney 1,,Toscane Novack,Valentino,
501,Mantes St Martin 09/02/2025,Poney 1,,Auxane Chanez,Agharany,
502,Mantes St Martin 09/02/2025,Poney 1,,Auxane Chanez,Agharany,
503,Mantes St Martin 09/02/2025,Poney 1,,Auxane Chanez,Agharany,
504,Mantes St Martin 09/02/2025,Poney 1,,Auxane Chanez,Agharany,
505,Mantes St Martin 09/02/2025,Poney 1,,Auxane Chanez,Agharany,
506,Mantes St Martin 09/02/2025,Poney 1,,Auxane Chanez,Agharany,
507,Mantes St Martin 09/02/2025,Poney 1,,Auxane Chanez,Agharany,
508,Mantes St Martin 09/02/2025,Poney 1,,Auxane Chanez,Agharany,
509,Mantes St Martin 09/02/2025,Poney 1,,Toscane Novack,Valentino,
510,Mantes St Martin 09/02/2025,Poney 1,,Auxane Chanez,Agharany,
511,Mantes St Martin 09/02/2025,Poney 1,,Auxane Chanez,Agharany,
512,Mantes St Martin 09/02/2025,Poney 1,,Toscane Novack,Valentino,
513,Mantes St Martin 09/02/2025,Poney 1,,Auxane Chanez,Agharany,
514,Mantes St Martin 09/02/2025,Poney 1,,Auxane Chanez,Agharany,
515,Mantes St Martin 09/02/2025,Poney 1,,Auxane Chanez,Agharany,
516,Mantes St Martin 09/02/2025,Poney 1,,Auxane Chanez,Agharany,
517,Mantes St Martin 09/02/2025,Poney 1,,Auxane Chanez,Agharany,
518,Mantes St Martin 09/02/2025,Poney 1,,Auxane Chanez,Agharany,
519,Mantes St Martin 09/02/2025,Poney 1,,Toscane Novack,Valentino,
520,Mantes St Martin 09/02/2025,Poney 1,,Toscane Novack,Valentino,
521,Mantes St Martin 09/02/2025,Poney 1,,Toscane Novack,Valentino,
522,Mantes St Martin 09/02/2025,Poney 1,,Toscane Novack,Valentino,
523,Mantes St Martin 09/02/2025,Poney 1,,Toscane Novack,Valentino,
524,Mantes St Martin 09/02/2025,Poney 1,,Toscane Novack,Valentino,
525,Mantes St Martin 09/02/2025,Poney 1,,Toscane Novack,Valentino,
526,Mantes St Martin 09/02/2025,Poney 1,,Toscane Novack,Valentino,
527,Mantes St Martin 09/02/2025,Poney 1,,Toscane Novack,Valentino,
528,Mantes St Martin 09/02/2025,Poney 1,,Toscane Novack,Valentino,
529,Mantes St Martin 09/02/2025,Poney 1,,Toscane Novack,Valentino,
530,Mantes St Martin 09/02/2025,Poney 1,,Auxane Chanez,Agharany,
531,Mantes St Martin 09/02/2025,Poney 1,,Auxane Chanez,Agharany,
532,Mantes St Martin 09/02/2025,Poney 1,,Auxane Chanez,Agharany,
533,Mantes St Martin 09/02/2025,Poney 1,,Auxane Chanez,Agharany,
534,Mantes St Martin 09/02/2025,Poney 1,,Auxane Chanez,Agharany,
535,Mantes St Martin 09/02/2025,Poney 1,,Auxane Chanez,Agharany,
536,Mantes St Martin 09/02/2025,Poney 1,,Auxane Chanez,Agharany,
537,Mantes St Martin 09/02/2025,Poney 1,,Auxane Chanez,Agharany,
538,Mantes St Martin 09/02/2025,Poney 1,,Auxane Chanez,Agharany,
539,Mantes St Martin 09/02/2025,Poney 1,,Auxane Chanez,Agharany,
540,Mantes St Martin 09/02/2025,Poney 1,,Ombeline Hald,Umka,
541,Mantes St Martin 09/02/2025,Poney 1,,Ombeline Hald,Umka,
542,Mantes St Martin 09/02/2025,Poney 1,,Ombeline Hald,Umka,
543,Mantes St Martin 09/02/2025,Poney 1,,Ombeline Hald,Umka,
544,Mantes St Martin 09/02/2025,Poney 1,,Ombeline Hald,Umka,
545,Mantes St Martin 09/02/2025,Poney 1,,Violette Novack,Valentino,
546,Mantes St Martin 09/02/2025,Poney 1,,Violette Novack,Valentino,
547,Mantes St Martin 09/02/2025,Poney 1,,Violette Novack,Valentino,
548,Mantes St Martin 09/02/2025,Poney 1,,Violette Novack,Valentino,
549,Mantes St Martin 09/02/2025,Poney 1,,Ombeline Hald,Agharany,
550,Mantes St Martin 09/02/2025,Poney 1,,Ombeline Hald,Agharany,
551,Mantes St Martin 09/02/2025,Poney 1,,Violette Novack,Valentino,
552,Mantes St Martin 09/02/2025,Poney 1,,Violette Novack,Valentino,
553,Mantes St Martin 09/02/2025,Poney 1,,Ombeline Hald,Agharany,
554,Mantes St Martin 09/02/2025,Poney 1,,Ombeline Hald,Agharany,
555,Mantes St Martin 09/02/2025,Poney 1,,Violette Novack,Valentino,
556,Mantes St Martin 09/02/2025,Poney 1,,Violette Novack,Valentino,
557,Mantes St Martin 09/02/2025,Poney 1,,Violette Novack,Valentino,
558,Mantes St Martin 09/02/2025,Poney 1,,Ombeline Hald,Agharany,
559,Mantes St Martin 09/02/2025,Poney 1,,Ombeline Hald,Agharany,
560,Mantes St Martin 09/02/2025,Poney 1,,Violette Novack,Valentino,
561,Mantes St Martin 09/02/2025,Poney 1,,Violette Novack,Valentino,
562,Mantes St Martin 09/02/2025,Poney 1,,Ombeline Hald,Umka,
563,Mantes St Martin 09/02/2025,Poney 1,,Ombeline Hald,Umka,
564,Mantes St Martin 09/02/2025,Poney 1,,Ombeline Hald,Umka,
565,Mantes St Martin 09/02/2025,Poney 1,,Ombeline Hald,Umka,
566,Mantes St Martin 09/02/2025,Poney 1,,Ombeline Hald,Umka,
567,Mantes St Martin 09/02/2025,Poney 1,,Ombeline Hald,Umka,
568,Mantes St Martin 09/02/2025,Poney 1,,Ombeline Hald,Umka,
569,Mantes St Martin 09/02/2025,Poney 1,,Ombeline Hald,Umka,
570,Mantes St Martin 09/02/2025,Poney 1,,Ombeline Hald,Umka,
571,Mantes St Martin 09/02/2025,Poney 1,,Ombeline Hald,Umka,
572,Mantes St Martin 09/02/2025,Poney 1,,Ombeline Hald,Umka,
573,Mantes St Martin 09/02/2025,Poney 1,,Ombeline Hald,Umka,
574,Mantes St Martin 09/02/2025,Poney 1,,Ombeline Hald,Umka,
575,Mantes St Martin 09/02/2025,Poney 1,,Ombeline Hald,Umka,
576,Mantes St Martin 09/02/2025,Poney 1,,Violette Novack,Valentino,
577,Mantes St Martin 09/02/2025,Poney 1,,Violette Novack,Valentino,
578,Mantes St Martin 09/02/2025,Poney 1,,Violette Novack,Valentino,
579,Mantes St Martin 09/02/2025,Poney 1,,Violette Novack,Valentino,
580,Mantes St Martin 09/02/2025,Poney 1,,Violette Novack,Valentino,
581,Mantes St Martin 09/02/2025,Poney 1,,Violette Novack,Valentino,
582,Mantes St Martin 09/02/2025,Poney 1,,Violette Novack,Valentino,
583,Mantes St Martin 09/02/2025,Poney 1,,Violette Novack,Valentino,
584,Mantes St Martin 09/02/2025,Poney 1,,Violette Novack,Valentino,
585,Mantes St Martin 09/02/2025,Poney 1,,Violette Novack,Valentino,
586,Mantes St Martin 09/02/2025,Poney 1,,Violette Novack,Valentino,
587,Mantes St Martin 09/02/2025,Poney 1,,Violette Novack,Valentino,
588,Mantes St Martin 09/02/2025,Poney 1,,Violette Novack,Valentino,
589,Mantes St Martin 09/02/2025,Poney 1,,Violette Novack,Valentino,
590,Mantes St Martin 09/02/2025,Poney Elite,,Auxane Chanez,Agharany,
591,Mantes St Martin 09/02/2025,Poney Elite,,Auxane Chanez,Agharany,
592,Mantes St Martin 09/02/2025,Poney Elite,,Auxane Chanez,Agharany,
593,Mantes St Martin 09/02/2025,Poney Elite,,Auxane Chanez,Agharany,
594,Mantes St Martin 09/02/2025,Poney Elite,,Auxane Chanez,Agharany,
595,Mantes St Martin 09/02/2025,Poney Elite,,Auxane Chanez,Agharany,
596,Mantes St Martin 09/02/2025,Poney Elite,,Auxane Chanez,Agharany,
597,Mantes St Martin 09/02/2025,Poney Elite,,Auxane Chanez,Agharany,
598,Mantes St Martin 09/02/2025,Poney Elite,,Auxane Chanez,Agharany,
599,Mantes St Martin 09/02/2025,Poney Elite,,Auxane Chanez,Agharany,
600,Mantes St Martin 09/02/2025,Poney Elite,,Auxane Chanez,Agharany,
601,Mantes St Martin 09/02/2025,Poney Elite,,Auxane Chanez,Agharany,
602,Mantes St Martin 09/02/2025,Poney Elite,,Auxane Chanez,Agharany,
603,Mantes St Martin 09/02/2025,Poney Elite,,Ombeline Hald,Umka,
604,Mantes St Martin 09/02/2025,Poney Elite,,Ombeline Hald,Umka,
605,Mantes St Martin 09/02/2025,Poney Elite,,Ombeline Hald,Umka,
606,Mantes St Martin 09/02/2025,Poney Elite,,Ombeline Hald,Umka,
607,Mantes St Martin 09/02/2025,Poney Elite,,Ombeline Hald,Umka,
608,Mantes St Martin 09/02/2025,Poney Elite,,Ombeline Hald,Umka,
609,Mantes St Martin 09/02/2025,Poney Elite,,Ombeline Hald,Umka,
610,Mantes St Martin 09/02/2025,Poney Elite,,Ombeline Hald,Umka,
611,Mantes St Martin 09/02/2025,Poney Elite,,Ombeline Hald,Umka,
612,Mantes St Martin 09/02/2025,Poney Elite,,Ombeline Hald,Umka,
613,Mantes St Martin 09/02/2025,Poney Elite,,Ombeline Hald,Umka,
614,Mantes St Martin 09/02/2025,Poney Elite,,Ombeline Hald,Umka,
615,Mantes St Martin 09/02/2025,Poney Elite,,Ombeline Hald,Umka,
616,Mantes St Martin 09/02/2025,Poney Elite,,Violette Novack,Valentino,
617,Mantes St Martin 09/02/2025,Poney Elite,,Violette Novack,Valentino,
618,Mantes St Martin 09/02/2025,Poney Elite,,Violette Novack,Valentino,
619,Mantes St Martin 09/02/2025,Poney Elite,,Violette Novack,Valentino,
620,Mantes St Martin 09/02/2025,Poney Elite,,Violette Novack,Valentino,
621,Mantes St Martin 09/02/2025,Poney Elite,,Violette Novack,Valentino,
622,Mantes St Martin 09/02/2025,Poney Elite,,Violette Novack,Valentino,
623,Mantes St Martin 09/02/2025,Poney Elite,,Violette Novack,Valentino,
624,Mantes St Martin 09/02/2025,Poney Elite,,Violette Novack,Valentino,
625,Mantes St Martin 09/02/2025,Poney Elite,,Violette Novack,Valentino,
626,Mantes St Martin 09/02/2025,Poney Elite,,Violette Novack,Valentino,
627,Mantes St Martin 09/02/2025,Poney Elite,,Violette Novack,Valentino,
628,Mantes St Martin 09/02/2025,Poney Elite,,Violette Novack,Valentino,
629,Mantes St Martin 09/02/2025,Poney Elite,,Violette Novack,Valentino,
630,Mantes St Martin 09/02/2025,Poney Elite,,Violette Novack,Valentino,
631,Mantes St Martin 09/02/2025,Poney Elite,,Violette Novack,Valentino,
632,Mantes St Martin 09/02/2025,Poney Elite,,Violette Novack,Valentino,
633,Mantes St Martin 09/02/2025,Poney Elite,,Violette Novack,Valentino,
634,Brimborion 22/09/2024,Cadet 1,Equipe,Rose Fekete,Top Secret,Les Potes Corn
635,Brimborion 22/09/2024,Cadet 1,Equipe,Philippe Chanez,Titus,Les Potes Corn
636,Brimborion 22/09/2024,Cadet 1,Equipe,Rose Fekete,Top Secret,Les Potes Corn
637,Brimborion 22/09/2024,Cadet 1,Equipe,Rose Fekete,Top Secret,Les Potes Corn
638,Brimborion 22/09/2024,Cadet 1,Equipe,Rose Fekete,Top Secret,Les Potes Corn
639,Brimborion 22/09/2024,Cadet 1,Equipe,Philippe Chanez,Titus,Les Potes Corn
640,Brimborion 22/09/2024,Cadet 1,Equipe,Rose Fekete,Top Secret,Les Potes Corn
641,Brimborion 22/09/2024,Cadet 1,Equipe,Rose Fekete,Top Secret,Les Potes Corn
642,Brimborion 22/09/2024,Cadet 1,Equipe,Rose Fekete,Top Secret,Les Potes Corn
643,Brimborion 22/09/2024,,,,,
644,Brimborion 22/09/2024,Junior Elite,Equipe,Maya Legrand,Champagne,Les Zabeilles
645,Brimborion 22/09/2024,Junior Elite,Equipe,Ombeline Hald,Vertige,Les Zabeilles
646,Brimborion 22/09/2024,Junior Elite,Equipe,Violette Novack Auxane Chanez Maya Legrand Ombeline Hald,Valkie Hacienda Champagne Vertige,Les Zabeilles
647,Brimborion 22/09/2024,Junior Elite,Equipe,Violette Novack,Valkie,Les Zabeilles
648,Brimborion 22/09/2024,Junior Elite,Equipe,Maya Legrand,Champagne,Les Zabeilles
649,Brimborion 22/09/2024,Junior Elite,Equipe,Ombeline Hald,Vertige,Les Zabeilles
650,Brimborion 22/09/2024,Junior Elite,Equipe,Violette Novack,Valkie,Les Zabeilles
651,Brimborion 22/09/2024,Junior Elite,Equipe,Maya Legrand,Champagne,Les Zabeilles
652,Brimborion 22/09/2024,Junior Elite,Equipe,Ombeline Hald,Vertige,Les Zabeilles
653,Brimborion 22/09/2024,Junior Elite,Equipe,Violette Novack,Valkie,Les Zabeilles
654,Brimborion 22/09/2024,Junior Elite,Equipe,Violette Novack Maya Legrand,Valkie Champagne,Les Zabeilles
655,Brimborion 22/09/2024,Junior Elite,Equipe,Auxane Chanez,Hacienda,Les Zabeilles
656,Brimborion 22/09/2024,Junior Elite,Equipe,Ombeline Hald,Vertige,Les Zabeilles
657,Brimborion 22/09/2024,Junior Elite,Equipe,Ombeline Hald,Vertige,Les Zabeilles
658,Brimborion 22/09/2024,Junior Elite,Equipe,Ombeline Hald,Vertige,Les Zabeilles
659,Brimborion 22/09/2024,Junior Elite,Equipe,Auxane Chanez Ombeline Hald,Hacienda Vertige,Les Zabeilles
660,Brimborion 22/09/2024,Junior Elite,Equipe,Ombeline Hald,Vertige,Les Zabeilles
661,Brimborion 22/09/2024,Junior Elite,Equipe,Auxane Chanez,Hacienda,Les Zabeilles
662,Brimborion 22/09/2024,Junior Elite,Equipe,Ombeline Hald,Vertige,Les Zabeilles
663,Brimborion 22/09/2024,Junior Elite,Equipe,Violette Novack Maya Legrand,Valkie Champagne,Les Zabeilles
664,Brimborion 22/09/2024,Junior Elite,Equipe,Auxane Chanez,Hacienda,Les Zabeilles
665,Brimborion 22/09/2024,Junior Elite,Equipe,Ombeline Hald,Vertige,Les Zabeilles
666,Brimborion 22/09/2024,Junior Elite,Equipe,Violette Novack,Valkie,Les Zabeilles
667,Brimborion 22/09/2024,Junior Elite,Equipe,Violette Novack,Valkie,Les Zabeilles
668,Brimborion 22/09/2024,Junior Elite,Equipe,Ombeline Hald,Vertige,Les Zabeilles
669,Brimborion 22/09/2024,Junior Elite,Equipe,Violette Novack,Valkie,Les Zabeilles
670,Brimborion 22/09/2024,Junior Elite,Equipe,Ombeline Hald,Vertige,Les Zabeilles
671,Brimborion 22/09/2024,Junior Elite,Equipe,Auxane Chanez,Hacienda,Les Zabeilles
672,Brimborion 22/09/2024,Junior Elite,Equipe,Auxane Chanez,Hacienda,Les Zabeilles
673,Brimborion 22/09/2024,Junior Elite,Equipe,Auxane Chanez,Hacienda,Les Zabeilles
674,Brimborion 22/09/2024,Junior Elite,Equipe,Ombeline Hald,Vertige,Les Zabeilles
675,Brimborion 22/09/2024,Junior Elite,Equipe,Violette Novack,Valkie,Les Zabeilles
676,Brimborion 22/09/2024,Junior Elite,Equipe,Auxane Chanez Maya Legrand,Hacienda Champagne,Les Zabeilles
677,Brimborion 22/09/2024,Junior Elite,Equipe,Maya Legrand,Champagne,Les Zabeilles
678,Brimborion 22/09/2024,Junior Elite,Equipe,Ombeline Hald,Vertige,Les Zabeilles
679,Brimborion 22/09/2024,Junior Elite,Equipe,Violette Novack,Valkie,Les Zabeilles
680,Brimborion 22/09/2024,Junior Elite,Equipe,Maya Legrand,Champagne,Les Zabeilles
682,Brimborion 22/09/2024,Junior Elite,Equipe,Auxane Chanez,Champagne,Les Zabeilles
683,Brimborion 22/09/2024,Junior Elite,Equipe,Violette Novack,Valkie,Les Zabeilles
684,Brimborion 22/09/2024,Junior Elite,Equipe,Maya Legrand,Champagne,Les Zabeilles
685,Brimborion 22/09/2024,Junior Elite,Equipe,Violette Novack,Valkie,Les Zabeilles
686,Brimborion 22/09/2024,Junior Elite,Equipe,Violette Novack,Valkie,Les Zabeilles
687,Brimborion 22/09/2024,Junior Elite,Equipe,Auxane Chanez,Hacienda,Les Zabeilles
688,Brimborion 22/09/2024,Junior Elite,Equipe,Violette Novack,Valkie,Les Zabeilles
689,Brimborion 22/09/2024,Junior Elite,Equipe,Ombeline Hald,Vertige,Les Zabeilles
690,Brimborion 22/09/2024,Junior Elite,Equipe,Violette Novack,Valkie,Les Zabeilles
691,Brimborion 22/09/2024,Junior Elite,Equipe,Ombeline Hald,Vertige,Les Zabeilles
692,Brimborion 22/09/2024,Junior Elite,Equipe,Ombeline Hald,Vertige,Les Zabeilles
693,Brimborion 22/09/2024,Junior Elite,Equipe,Ombeline Hald,Vertige,Les Zabeilles
694,Brimborion 22/09/2024,Junior Elite,Equipe,Ombeline Hald,Vertige,Les Zabeilles
695,Brimborion 22/09/2024,Junior Elite,Equipe,Ombeline Hald,Vertige,Les Zabeilles
696,Brimborion 22/09/2024,Junior Elite,Equipe,Auxane Chanez,Hacienda,Les Zabeilles
697,Brimborion 22/09/2024,Junior Elite,Equipe,Ombeline Hald,Vertige,Les Zabeilles
698,Brimborion 22/09/2024,Junior Elite,Equipe,Ombeline Hald,Vertige,Les Zabeilles
699,Brimborion 22/09/2024,Junior Elite,Equipe,Auxane Chanez,Hacienda,Les Zabeilles
700,Brimborion 22/09/2024,Junior Elite,Equipe,Maya Legrand,Champagne,Les Zabeilles
701,Brimborion 22/09/2024,Junior Elite,Equipe,Maya Legrand,Champagne,Les Zabeilles
702,Brimborion 22/09/2024,Junior Elite,Equipe,Maya Legrand,Champagne,Les Zabeilles
703,Brimborion 22/09/2024,Junior Elite,Equipe,Maya Legrand,Champagne,Les Zabeilles
704,Brimborion 22/09/2024,Junior Elite,Equipe,Violette Novack,Valkie,Les Zabeilles
705,Brimborion 22/09/2024,Junior Elite,Equipe,Ombeline Hald,Vertige,Les Zabeilles
706,Brimborion 22/09/2024,Junior Elite,Equipe,Maya Legrand,Champagne,Les Zabeilles
707,Brimborion 22/09/2024,Junior Elite,Equipe,Violette Novack,Valkie,Les Zabeilles
708,Brimborion 22/09/2024,Junior Elite,Equipe,Maya Legrand,Champagne,Les Zabeilles
709,Brimborion 22/09/2024,Junior Elite,Equipe,Maya Legrand,Champagne,Les Zabeilles
710,Brimborion 22/09/2024,Junior Elite,Equipe,Maya Legrand,Champagne,Les Zabeilles
711,Brimborion 22/09/2024,Junior Elite,Equipe,Violette Novack Auxane Chanez,Valkie Hacienda,Les Zabeilles
712,Brimborion 22/09/2024,Junior Elite,Equipe,Violette Novack,Valkie,Les Zabeilles
713,Brimborion 22/09/2024,Cadet 1,Equipe,Philippe Chanez,Titus,Les Potes Corn
714,Brimborion 22/09/2024,Junior Elite,Equipe,Auxane Chanez,Hacienda,Les Zabeilles
715,Brimborion 22/09/2024,Junior Elite,Equipe,Auxane Chanez,Hacienda,Les Zabeilles
716,Brimborion 22/09/2024,Junior Elite,Equipe,Auxane Chanez,Hacienda,Les Zabeilles
717,Brimborion 22/09/2024,Junior Elite,Equipe,Auxane Chanez,Hacienda,Les Zabeilles
718,Brimborion 22/09/2024,Junior Elite,Equipe,Maya Legrand Ombeline Hald,Champagne Vertige,Les Zabeilles
719,Brimborion 22/09/2024,Junior Elite,Equipe,Auxane Chanez,Hacienda,Les Zabeilles
720,Brimborion 22/09/2024,Junior Elite,Equipe,Auxane Chanez,Hacienda,Les Zabeilles
721,Brimborion 22/09/2024,Junior Elite,Equipe,Violette Novack,Valkie,Les Zabeilles
722,Brimborion 22/09/2024,Junior Elite,Equipe,Violette Novack,Valkie,Les Zabeilles
723,Brimborion 22/09/2024,Junior Elite,Equipe,Auxane Chanez,Hacienda,Les Zabeilles
724,Brimborion 22/09/2024,Junior Elite,Equipe,Ombeline Hald,Vertige,Les Zabeilles
725,Brimborion 22/09/2024,Junior Elite,Equipe,Maya Legrand,Champagne,Les Zabeilles
726,Brimborion 22/09/2024,Junior Elite,Equipe,Violette Novack,Valkie,Les Zabeilles
727,Brimborion 22/09/2024,Junior Elite,Equipe,Ombeline Hald,Vertige,Les Zabeilles
728,Brimborion 22/09/2024,Junior Elite,Equipe,Auxane Chanez,Hacienda,Les Zabeilles
729,Brimborion 22/09/2024,Junior Elite,Paire,Ombeline Hald,Elyos,Les Zabeilles
730,Brimborion 22/09/2024,Junior Elite,Equipe,Auxane Chanez,Hacienda,Les Zabeilles
731,Brimborion 22/09/2024,Junior Elite,Equipe,Violette Novack,Valkie,Les Zabeilles
732,Brimborion 22/09/2024,Junior Elite,Equipe,Ombeline Hald,Vertige,Les Zabeilles
733,Brimborion 22/09/2024,Junior Elite,Equipe,Ombeline Hald,Vertige,Les Zabeilles
734,Brimborion 22/09/2024,Junior Elite,Equipe,Maya Legrand,Champagne,Les Zabeilles
735,Brimborion 22/09/2024,Junior Elite,Equipe,Maya Legrand,Champagne,Les Zabeilles
736,Brimborion 22/09/2024,Junior Elite,Equipe,Auxane Chanez,Hacienda,Les Zabeilles
737,Brimborion 22/09/2024,Junior Elite,Equipe,Violette Novack,Vertige,Les Zabeilles
738,Brimborion 22/09/2024,Junior Elite,Equipe,Ombeline Hald,Vertige,Les Zabeilles
739,Brimborion 22/09/2024,Junior Elite,Equipe,Auxane Chanez Ombeline Hald,Hacienda Vertige,Les Zabeilles
740,Brimborion 22/09/2024,Junior Elite,Equipe,Violette Novack,Valkie,Les Zabeilles
741,Brimborion 22/09/2024,Junior Elite,Equipe,Violette Novack Maya Legrand,Valkie Champagne,Les Zabeilles
742,Brimborion 22/09/2024,Junior Elite,Equipe,Violette Novack,Valkie,Les Zabeilles
743,Brimborion 22/09/2024,Junior Elite,Equipe,Maya Legrand,Champagne,Les Zabeilles
744,Brimborion 22/09/2024,Junior Elite,Equipe,Maya Legrand,Champagne,Les Zabeilles
745,Brimborion 22/09/2024,Junior Elite,Equipe,Auxane Chanez,Hacienda,Les Zabeilles
746,Brimborion 22/09/2024,Junior Elite,Equipe,Maya Legrand,Champagne,Les Zabeilles
747,Brimborion 22/09/2024,Junior Elite,Equipe,Ombeline Hald,Vertige,Les Zabeilles
748,Brimborion 22/09/2024,Junior Elite,Equipe,Maya Legrand Ombeline Hald,Champagne Vertige,Les Zabeilles
749,Brimborion 22/09/2024,Junior Elite,Equipe,Violette Novack,Valkie,Les Zabeilles
750,Brimborion 22/09/2024,Junior Elite,Equipe,Violette Novack,Valkie,Les Zabeilles
751,Brimborion 22/09/2024,Junior Elite,Equipe,Maya Legrand,Champagne,Les Zabeilles
752,Brimborion 22/09/2024,Junior Elite,Equipe,Maya Legrand,Champagne,Les Zabeilles
753,Brimborion 22/09/2024,Junior Elite,Equipe,Maya Legrand,Champagne,Les Zabeilles
754,Brimborion 22/09/2024,Junior Elite,Equipe,Auxane Chanez,Hacienda,Les Zabeilles
755,Brimborion 22/09/2024,Junior Elite,Equipe,Violette Novack,Valkie,Les Zabeilles
756,Brimborion 22/09/2024,Junior Elite,Equipe,Ombeline Hald,Vertige,Les Zabeilles
757,Brimborion 22/09/2024,Junior Elite,Equipe,Ombeline Hald,Vertige,Les Zabeilles
758,Brimborion 22/09/2024,Junior Elite,Equipe,Auxane Chanez,Hacienda,Les Zabeilles
759,Brimborion 22/09/2024,Junior Elite,Equipe,Auxane Chanez,Hacienda,Les Zabeilles
760,Brimborion 22/09/2024,Junior Elite,Equipe,Ombeline Hald,Vertige,Les Zabeilles
761,Brimborion 22/09/2024,Junior Elite,Equipe,Auxane Chanez,Hacienda,Les Zabeilles
762,Brimborion 22/09/2024,Junior Elite,Paire,Ombeline Hald,Elyos,Les Zabeilles
763,Brimborion 22/09/2024,Junior Elite,Equipe,Violette Novack,Valkie,Les Zabeilles
764,Brimborion 22/09/2024,Junior Elite,Equipe,Ombeline Hald,Vertige,Les Zabeilles
765,Brimborion 22/09/2024,Junior Elite,Equipe,Ombeline Hald,Vertige,Les Zabeilles
766,Brimborion 22/09/2024,Junior Elite,Equipe,Ombeline Hald,Vertige,Les Zabeilles
767,Brimborion 22/09/2024,Junior Elite,Equipe,Auxane Chanez,Hacienda,Les Zabeilles
768,Brimborion 22/09/2024,Junior Elite,Equipe,Ombeline Hald,Vertige,Les Zabeilles
769,Brimborion 22/09/2024,Junior Elite,Equipe,Auxane Chanez,Hacienda,Les Zabeilles
770,Brimborion 22/09/2024,Junior Elite,Equipe,Maya Legrand,Champagne,Les Zabeilles
771,Brimborion 22/09/2024,Junior Elite,Equipe,Maya Legrand,Champagne,Les Zabeilles
772,Brimborion 22/09/2024,Junior Elite,Equipe,Violette Novack,Valkie,Les Zabeilles
773,Brimborion 22/09/2024,Junior Elite,Equipe,Auxane Chanez,Hacienda,Les Zabeilles
774,Brimborion 22/09/2024,Junior Elite,Equipe,Violette Novack,Valkie,Les Zabeilles
776,Brimborion 22/09/2024,Junior Elite,Equipe,Violette Novack,Valkie,Les Zabeilles
777,Brimborion 22/09/2024,Junior Elite,Equipe,Violette Novack,Valkie,Les Zabeilles
778,Brimborion 22/09/2024,Junior Elite,Equipe,Auxane Chanez,Hacienda,Les Zabeilles
779,Brimborion 22/09/2024,Junior Elite,Equipe,Violette Novack,Valkie,Les Zabeilles
780,Brimborion 22/09/2024,Junior Elite,Equipe,Auxane Chanez,Hacienda,Les Zabeilles
781,Brimborion 22/09/2024,Junior Elite,Equipe,Violette Novack,Valkie,Les Zabeilles
782,Brimborion 22/09/2024,Junior Elite,Equipe,Ombeline Hald,Vertige,Les Zabeilles
783,Brimborion 22/09/2024,Junior Elite,Equipe,Auxane Chanez,Hacienda,Les Zabeilles
784,Brimborion 22/09/2024,Junior Elite,Equipe,Ombeline Hald,Vertige,Les Zabeilles
785,Brimborion 22/09/2024,Junior Elite,Equipe,Ombeline Hald,Vertige,Les Zabeilles
786,Brimborion 22/09/2024,Junior Elite,Equipe,Violette Novack,Valkie,Les Zabeilles
787,Brimborion 22/09/2024,Junior Elite,Equipe,Violette Novack,Valkie,Les Zabeilles
788,Brimborion 22/09/2024,Junior Elite,Equipe,Violette Novack,Valkie,Les Zabeilles
789,Brimborion 22/09/2024,Junior Elite,Equipe,Auxane Chanez,Hacienda,Les Zabeilles
790,Brimborion 22/09/2024,Junior Elite,Equipe,Violette Novack,Valkie,Les Zabeilles
791,Brimborion 22/09/2024,Junior Elite,Equipe,Ombeline Hald,Vertige,Les Zabeilles
792,Brimborion 22/09/2024,Junior Elite,Equipe,Ombeline Hald,Vertige,Les Zabeilles
793,Brimborion 22/09/2024,Junior Elite,Equipe,Violette Novack,Valkie,Les Zabeilles
794,Brimborion 22/09/2024,Junior Elite,Equipe,Auxane Chanez,Hacienda,Les Zabeilles
795,Brimborion 22/09/2024,Junior Elite,Equipe,Auxane Chanez,Hacienda,Les Zabeilles
796,Brimborion 22/09/2024,Junior Elite,Equipe,Violette Novack,Valkie,Les Zabeilles
797,Brimborion 22/09/2024,Junior Elite,Equipe,Ombeline Hald,Vertige,Les Zabeilles
798,Brimborion 22/09/2024,Junior Elite,Equipe,Violette Novack,Valkie,Les Zabeilles
799,Brimborion 22/09/2024,Junior Elite,Equipe,Violette Novack,Valkie,Les Zabeilles
800,Brimborion 22/09/2024,Junior Elite,Equipe,Violette Novack,Valkie,Les Zabeilles
801,Brimborion 22/09/2024,Junior Elite,Equipe,Maya Legrand,Champagne,Les Zabeilles
802,Brimborion 22/09/2024,Junior Elite,Equipe,Maya Legrand,Champagne,Les Zabeilles
803,Brimborion 22/09/2024,Junior Elite,Equipe,Violette Novack,Valkie,Les Zabeilles
804,Brimborion 22/09/2024,Junior Elite,Equipe,Auxane Chanez,Hacienda,Les Zabeilles
805,Brimborion 22/09/2024,Junior Elite,Equipe,Violette Novack,Valkie,Les Zabeilles
806,Brimborion 22/09/2024,Junior Elite,Equipe,Auxane Chanez Violette Novack,Hacienda Valkie,Les Zabeilles
807,Brimborion 22/09/2024,Junior Elite,Equipe,Ombeline Hald,Vertige,Les Zabeilles
808,Brimborion 22/09/2024,Junior Elite,Equipe,Ombeline Hald,Vertige,Les Zabeilles
809,Brimborion 22/09/2024,Junior Elite,Equipe,Ombeline Hald,Vertige,Les Zabeilles
810,Brimborion 22/09/2024,Junior Elite,Equipe,Ombeline Hald,Vertige,Les Zabeilles
811,Brimborion 22/09/2024,Junior Elite,Equipe,Auxane Chanez,Hacienda,Les Zabeilles
812,Brimborion 22/09/2024,Junior Elite,Equipe,Ombeline Hald,Vertige,Les Zabeilles
813,Brimborion 22/09/2024,Junior Elite,Equipe,Auxane Chanez,Hacienda,Les Zabeilles
814,Brimborion 22/09/2024,Junior Elite,Equipe,Violette Novack,Valkie,Les Zabeilles
815,Brimborion 22/09/2024,Junior Elite,Equipe,Auxane Chanez Violette Novack,Hacienda Valkie,Les Zabeilles
816,Brimborion 22/09/2024,Junior Elite,Equipe,Ombeline Hald,Vertige,Les Zabeilles
817,Brimborion 22/09/2024,Junior Elite,Equipe,Ombeline Hald,Vertige,Les Zabeilles
818,Brimborion 22/09/2024,Junior Elite,Equipe,Maya Legrand,Champagne,Les Zabeilles
819,Brimborion 22/09/2024,Junior Elite,Equipe,Maya Legrand,Champagne,Les Zabeilles
820,Brimborion 22/09/2024,Junior Elite,Equipe,Maya Legrand,Champagne,Les Zabeilles
821,Brimborion 22/09/2024,Junior Elite,Equipe,Maya Legrand,Champagne,Les Zabeilles
822,Brimborion 22/09/2024,Junior Elite,Equipe,Maya Legrand,Champagne,Les Zabeilles
823,Brimborion 22/09/2024,Junior Elite,Equipe,Ombeline Hald,Vertige,Les Zabeilles
824,Brimborion 22/09/2024,Junior Elite,Equipe,Maya Legrand,Champagne,Les Zabeilles
825,Brimborion 22/09/2024,Junior Elite,Equipe,Maya Legrand,Champagne,Les Zabeilles
826,Brimborion 22/09/2024,Junior Elite,Equipe,Maya Legrand,Champagne,Les Zabeilles
827,Brimborion 22/09/2024,Junior Elite,Equipe,Ombeline Hald,Vertige,Les Zabeilles
828,Brimborion 22/09/2024,Junior Elite,Equipe,Ombeline Hald,Vertige,Les Zabeilles
829,Brimborion 22/09/2024,Junior Elite,Equipe,Auxane Chanez,Hacienda,Les Zabeilles
830,Brimborion 22/09/2024,Junior Elite,Equipe,Auxane Chanez,Hacienda,Les Zabeilles
831,Brimborion 22/09/2024,Junior Elite,Equipe,Auxane Chanez,Hacienda,Les Zabeilles
833,Brimborion 22/09/2024,Junior Elite,Equipe,Auxane Chanez,Hacienda,Les Zabeilles
834,Brimborion 22/09/2024,Junior Elite,Equipe,Auxane Chanez,Hacienda,Les Zabeilles
835,Brimborion 22/09/2024,Junior Elite,Equipe,Auxane Chanez,Hacienda,Les Zabeilles
837,Brimborion 22/09/2024,Junior Elite,Paire,Auxane Chanez,Hacienda,Les Zabeilles
838,Brimborion 22/09/2024,Junior Elite,Paire,Auxane Chanez,Hacienda,Les Zabeilles
839,Brimborion 22/09/2024,Junior Elite,Paire,Auxane Chanez,Hacienda,Les Zabeilles
840,Brimborion 22/09/2024,Junior Elite,Paire,Ombeline Hald,Elyos,Les Zabeilles
841,Brimborion 22/09/2024,Junior Elite,Paire,Ombeline Hald,Elyos,Les Zabeilles
842,Brimborion 22/09/2024,Junior Elite,Paire,Auxane Chanez,Hacienda,Les Zabeilles
843,Brimborion 22/09/2024,Junior Elite,Paire,Auxane Chanez,Hacienda,Les Zabeilles
844,Brimborion 22/09/2024,Junior Elite,Paire,Auxane Chanez,Hacienda,Les Zabeilles
845,Brimborion 22/09/2024,Junior Elite,Paire,Auxane Chanez,Hacienda,Les Zabeilles
846,Brimborion 22/09/2024,Junior Elite,Paire,Auxane Chanez,Hacienda,Les Zabeilles
847,Brimborion 22/09/2024,Junior Elite,Paire,Ombeline Hald,Elyos,Les Zabeilles
848,Brimborion 22/09/2024,Junior Elite,Paire,Auxane Chanez,Hacienda,Les Zabeilles
849,Brimborion 22/09/2024,Junior Elite,Paire,Auxane Chanez,Hacienda,Les Zabeilles
850,Brimborion 22/09/2024,Junior Elite,Paire,Auxane Chanez,Hacienda,Les Zabeilles
851,Brimborion 22/09/2024,Junior Elite,Paire,Ombeline Hald,Elyos,Les Zabeilles
852,Brimborion 22/09/2024,Junior Elite,Paire,Auxane Chanez,Hacienda,Les Zabeilles
853,Brimborion 22/09/2024,Junior Elite,Paire,Ombeline Hald Auxane Chanez,Elyos Hacienda,Les Zabeilles
854,Brimborion 22/09/2024,Junior Elite,Paire,Ombeline Hald,Elyos,Les Zabeilles
855,Brimborion 22/09/2024,Junior Elite,Paire,Ombeline Hald,Elyos,Les Zabeilles
856,Brimborion 22/09/2024,Junior Elite,Paire,Ombeline Hald,Elyos,Les Zabeilles
857,Brimborion 22/09/2024,Junior Elite,Paire,Auxane Chanez,Hacienda,Les Zabeilles
858,Brimborion 22/09/2024,Junior Elite,Paire,Auxane Chanez,Hacienda,Les Zabeilles
859,Brimborion 22/09/2024,Junior Elite,Paire,Auxane Chanez,Hacienda,Les Zabeilles
860,Brimborion 22/09/2024,Junior Elite,Paire,Ombeline Hald,Elyos,Les Zabeilles
861,Brimborion 22/09/2024,Junior Elite,Paire,Auxane Chanez,Hacienda,Les Zabeilles
862,Brimborion 22/09/2024,Junior Elite,Paire,Auxane Chanez,Hacienda,Les Zabeilles
863,Brimborion 22/09/2024,Junior Elite,Paire,Ombeline Hald,Elyos,Les Zabeilles
864,Brimborion 22/09/2024,Junior Elite,Paire,Ombeline Hald,Elyos,Les Zabeilles
865,Brimborion 22/09/2024,Junior Elite,Paire,Ombeline Hald,Elyos,Les Zabeilles
866,Brimborion 22/09/2024,Junior Elite,Paire,Auxane Chanez,Hacienda,Les Zabeilles
867,Brimborion 22/09/2024,Junior Elite,Paire,Auxane Chanez,Hacienda,Les Zabeilles
868,Brimborion 22/09/2024,Junior Elite,Paire,Auxane Chanez,Hacienda,Les Zabeilles
869,Brimborion 22/09/2024,Junior Elite,Paire,Ombeline Hald,Elyos,Les Zabeilles
870,Brimborion 22/09/2024,Junior Elite,Paire,Auxane Chanez,Hacienda,Les Zabeilles
871,Brimborion 22/09/2024,Junior Elite,Paire,Auxane Chanez,Hacienda,Les Zabeilles
872,Brimborion 22/09/2024,Junior Elite,Paire,Ombeline Hald,Elyos,Les Zabeilles
873,Brimborion 22/09/2024,Junior Elite,Paire,Ombeline Hald,Elyos,Les Zabeilles
874,Brimborion 22/09/2024,Junior Elite,Paire,Ombeline Hald,Elyos,Les Zabeilles
875,Brimborion 22/09/2024,Junior Elite,Paire,Auxane Chanez,Hacienda,Les Zabeilles
876,Brimborion 22/09/2024,Junior Elite,Paire,Auxane Chanez,Hacienda,Les Zabeilles
877,Brimborion 22/09/2024,Junior Elite,Paire,Ombeline Hald,Elyos,Les Zabeilles
878,Brimborion 22/09/2024,Junior Elite,Paire,Auxane Chanez,Hacienda,Les Zabeilles
879,Brimborion 22/09/2024,Junior Elite,Paire,Auxane Chanez,Hacienda,Les Zabeilles
880,Brimborion 22/09/2024,Junior Elite,Paire,Auxane Chanez,Hacienda,Les Zabeilles
881,Alluets 16/03/2025,Cadet 1,Paire,Rose Fekete,Latina,Toscane & Rose
882,Alluets 16/03/2025,Cadet 1,Paire,Toscane Novack,Cougar,Toscane & Rose
883,Alluets 16/03/2025,Cadet 1,Paire,Toscane Novack,Cougar,Toscane & Rose
884,Alluets 16/03/2025,Cadet 1,Paire,Toscane Novack,Cougar,Toscane & Rose
885,Alluets 16/03/2025,Cadet 1,Paire,Toscane Novack,Cougar,Toscane & Rose
886,Alluets 16/03/2025,Cadet 1,Paire,Rose Fekete,Latina,Toscane & Rose
887,Alluets 16/03/2025,Cadet 1,Paire,Rose Fekete,Latina,Toscane & Rose
888,Alluets 16/03/2025,Cadet 1,Paire,Rose Fekete,Latina,Toscane & Rose
889,Alluets 16/03/2025,Cadet 1,Paire,Rose Fekete,Latina,Toscane & Rose
890,Alluets 16/03/2025,Cadet 1,Paire,Toscane Novack,Cougar,Toscane & Rose
891,Alluets 16/03/2025,Cadet 1,Paire,Rose Fekete,Latina,Toscane & Rose
892,Alluets 16/03/2025,Cadet 1,Paire,Rose Fekete,Latina,Toscane & Rose
893,Alluets 16/03/2025,Cadet 1,Paire,Rose Fekete,Latina,Toscane & Rose
894,Alluets 16/03/2025,Cadet 1,Paire,Rose Fekete,Latina,Toscane & Rose
895,Alluets 16/03/2025,Cadet 1,Paire,Toscane Novack,Cougar,Toscane & Rose
896,Alluets 16/03/2025,Cadet 1,Paire,Toscane Novack,Cougar,Toscane & Rose
897,Alluets 16/03/2025,Cadet 1,Paire,Rose Fekete,Latina,Toscane & Rose
898,Alluets 16/03/2025,Cadet 1,Paire,Rose Fekete,Latina,Toscane & Rose
899,Alluets 16/03/2025,Cadet 1,Paire,Rose Fekete,Latina,Toscane & Rose
900,Alluets 16/03/2025,Cadet 1,Paire,Rose Fekete,Latina,Toscane & Rose
901,Alluets 16/03/2025,Cadet 1,Paire,Rose Fekete,Latina,Toscane & Rose
902,Alluets 16/03/2025,Cadet 1,Paire,Rose Fekete,Latina,Toscane & Rose
903,Alluets 16/03/2025,Cadet 1,Paire,Rose Fekete,Latina,Toscane & Rose
904,Alluets 16/03/2025,Cadet 1,Paire,Rose Fekete,Latina,Toscane & Rose
905,Alluets 16/03/2025,Cadet 1,Paire,Rose Fekete,Latina,Toscane & Rose
906,Alluets 16/03/2025,Cadet 1,Paire,Rose Fekete,Latina,Toscane & Rose
907,Alluets 16/03/2025,Cadet 1,Paire,Rose Fekete,Latina,Toscane & Rose
908,Alluets 16/03/2025,Cadet 1,Paire,Rose Fekete,Latina,Toscane & Rose
909,Alluets 16/03/2025,Cadet 1,Paire,Rose Fekete,Latina,Toscane & Rose
910,Alluets 16/03/2025,Cadet 1,Paire,Rose Fekete,Latina,Toscane & Rose
911,Alluets 16/03/2025,Cadet 1,Paire,Rose Fekete,Latina,Toscane & Rose
912,Alluets 16/03/2025,Cadet 1,Paire,Toscane Novack,Cougar,Toscane & Rose
913,Alluets 16/03/2025,Cadet 1,Paire,Toscane Novack,Cougar,Toscane & Rose
914,Alluets 16/03/2025,Cadet 1,Paire,Toscane Novack,Cougar,Toscane & Rose
915,Alluets 16/03/2025,Cadet 1,Paire,Toscane Novack,Cougar,Toscane & Rose
916,Alluets 16/03/2025,Cadet 1,Paire,Toscane Novack,Cougar,Toscane & Rose
917,Alluets 16/03/2025,Cadet 1,Paire,Toscane Novack,Cougar,Toscane & Rose
918,Alluets 16/03/2025,Cadet 1,Paire,Toscane Novack,Cougar,Toscane & Rose
919,Alluets 16/03/2025,Cadet 1,Paire,Toscane Novack,Cougar,Toscane & Rose
920,Alluets 16/03/2025,Cadet 1,Paire,Rose Fekete,Latina,Toscane & Rose
921,Alluets 16/03/2025,Cadet 1,Paire,Rose Fekete,Latina,Toscane & Rose
922,Alluets 16/03/2025,Cadet 1,Paire,Rose Fekete,Latina,Toscane & Rose
923,Alluets 16/03/2025,Cadet 1,Paire,Rose Fekete,Latina,Toscane & Rose
924,Alluets 16/03/2025,Cadet 1,Paire,Rose Fekete,Latina,Toscane & Rose
925,Alluets 16/03/2025,Cadet 1,Paire,Rose Fekete,Latina,Toscane & Rose
926,Alluets 16/03/2025,Cadet 1,Paire,Toscane Novack,Cougar,Toscane & Rose
927,Alluets 16/03/2025,Cadet 1,Paire,Rose Fekete,Latina,Toscane & Rose
928,Alluets 16/03/2025,Cadet 1,Paire,Rose Fekete,Latina,Toscane & Rose
929,Alluets 16/03/2025,Cadet 1,Paire,Toscane Novack,Cougar,Toscane & Rose
930,Alluets 16/03/2025,Cadet 1,Paire,Toscane Novack,Cougar,Toscane & Rose
931,Alluets 16/03/2025,Cadet 1,Paire,Toscane Novack,Cougar,Toscane & Rose
932,Alluets 16/03/2025,Cadet 1,Paire,Toscane Novack,Cougar,Toscane & Rose
933,Alluets 16/03/2025,Cadet 1,Paire,Toscane Novack,Cougar,Toscane & Rose
934,Alluets 16/03/2025,Cadet 1,Paire,Toscane Novack,Cougar,Toscane & Rose
935,Alluets 16/03/2025,Cadet 1,Paire,Toscane Novack,Cougar,Toscane & Rose
936,Alluets 16/03/2025,Cadet 1,Paire,Toscane Novack,Cougar,Toscane & Rose
937,Alluets 16/03/2025,Cadet 1,Paire,Toscane Novack,Cougar,Toscane & Rose
938,Alluets 16/03/2025,Cadet 1,Paire,Rose Fekete,Latina,Toscane & Rose
939,Alluets 16/03/2025,Cadet 1,Paire,Rose Fekete,Latina,Toscane & Rose
940,Alluets 16/03/2025,Cadet 1,Paire,Rose Fekete,Latina,Toscane & Rose
941,Alluets 16/03/2025,Cadet 1,Paire,Rose Fekete,Latina,Toscane & Rose
942,Alluets 16/03/2025,Cadet 1,Paire,Rose Fekete,Latina,Toscane & Rose
943,Alluets 16/03/2025,Cadet 1,Paire,Rose Fekete,Latina,Toscane & Rose
944,Alluets 16/03/2025,Cadet 1,Paire,Rose Fekete,Latina,Toscane & Rose
945,Alluets 16/03/2025,Cadet 1,Paire,Rose Fekete,Latina,Toscane & Rose
946,Alluets 16/03/2025,Cadet 1,Paire,Rose Fekete,Latina,Toscane & Rose
947,Alluets 16/03/2025,Cadet 1,Paire,Rose Fekete,Latina,Toscane & Rose
948,Alluets 16/03/2025,Cadet 1,Paire,Rose Fekete,Latina,Toscane & Rose
949,Alluets 16/03/2025,Cadet 1,Paire,Rose Fekete,Latina,Toscane & Rose
950,Alluets 16/03/2025,Cadet 1,Paire,Rose Fekete,Latina,Toscane & Rose
951,Alluets 16/03/2025,Cadet 1,Paire,Rose Fekete,Latina,Toscane & Rose
952,Alluets 16/03/2025,Cadet 1,Paire,Rose Fekete,Latina,Toscane & Rose
953,Alluets 16/03/2025,Cadet 1,Paire,Rose Fekete,Latina,Toscane & Rose
954,Alluets 16/03/2025,Cadet 1,Paire,Toscane Novack,Cougar,Toscane & Rose
955,Alluets 16/03/2025,Cadet 1,Paire,Toscane Novack,Cougar,Toscane & Rose
956,Alluets 16/03/2025,Cadet 1,Paire,Toscane Novack,Cougar,Toscane & Rose
957,Alluets 16/03/2025,Cadet 1,Paire,Toscane Novack,Cougar,Toscane & Rose
958,Alluets 16/03/2025,Cadet 1,Paire,Toscane Novack,Cougar,Toscane & Rose
959,Alluets 16/03/2025,Cadet 1,Paire,Toscane Novack,Cougar,Toscane & Rose
960,Alluets 16/03/2025,Cadet 1,Paire,Toscane Novack,Cougar,Toscane & Rose
961,Alluets 16/03/2025,Cadet 1,Paire,Rose Fekete Toscane Novack,Cougar Latina,Toscane & Rose
962,Alluets 16/03/2025,Cadet 1,Paire,Rose Fekete,Latina,
963,Alluets 16/03/2025,Cadet 1,Paire,Rose Fekete,Latina,
964,Alluets 30/03/2025,Poney 1,,Toscane Novack,Valentino,
965,Alluets 30/03/2025,Poney 1,,Toscane Novack,Valentino,
966,Alluets 30/03/2025,Poney 1,,Toscane Novack,Valentino,
967,Alluets 30/03/2025,Poney 1,,Toscane Novack,Valentino,
968,Alluets 30/03/2025,Poney 1,,Toscane Novack,Valentino,
969,Alluets 30/03/2025,Poney 1,,Toscane Novack,Valentino,
970,Alluets 30/03/2025,Poney 1,,Toscane Novack,Valentino,
971,Alluets 30/03/2025,Poney 1,,Toscane Novack,Valentino,
972,Alluets 30/03/2025,Poney 1,,Toscane Novack,Valentino,
973,Alluets 30/03/2025,Poney 1,,Toscane Novack,Valentino,
974,Alluets 30/03/2025,Poney 1,,Toscane Novack,Valentino,
975,Alluets 30/03/2025,Poney 1,,Toscane Novack,Valentino,
976,Alluets 30/03/2025,Poney 2,,Philippe Chanez,Agharany,
977,Alluets 30/03/2025,Poney 2,,Philippe Chanez,Agharany,
978,Alluets 30/03/2025,Poney 2,,Pascal Chanez,,
979,Alluets 30/03/2025,Poney 2,,Philippe Chanez,Agharany,
980,Alluets 30/03/2025,Poney 2,,Philippe Chanez,Agharany,
981,Alluets 30/03/2025,Poney 2,,Philippe Chanez,Agharany,
982,Alluets 30/03/2025,Poney 2,,Philippe Chanez,Agharany,
983,Alluets 30/03/2025,Poney 2,,Philippe Chanez,Agharany,
984,Alluets 30/03/2025,Poney 2,,Philippe Chanez,Agharany,
985,Alluets 30/03/2025,Poney 2,,Philippe Chanez,Agharany,
986,Alluets 30/03/2025,Poney 2,,Philippe Chanez,Agharany,
987,Alluets 30/03/2025,Poney 2,,Philippe Chanez,Agharany,
988,Alluets 30/03/2025,Poney 2,,Philippe Chanez,Agharany,
989,Alluets 30/03/2025,Poney 2,,Philippe Chanez,Agharany,
990,Alluets 30/03/2025,Poney 2,,Philippe Chanez,Agharany,
991,Alluets 30/03/2025,Poney 2,,Philippe Chanez,Agharany,
992,Alluets 30/03/2025,Poney 1,,Ombeline Hald,Volka,
993,Alluets 30/03/2025,Poney 1,,Auxane Chanez,Agharany,
994,Alluets 30/03/2025,Poney 1,,Auxane Chanez,Agharany,
995,Alluets 30/03/2025,Poney 1,,Auxane Chanez,Agharany,
996,Alluets 30/03/2025,Poney 1,,Ombeline Hald,Volka,
997,Alluets 30/03/2025,Poney 1,,Ombeline Hald,Volka,
998,Alluets 30/03/2025,Poney 1,,Pascal Chanez,,
999,Alluets 30/03/2025,Poney 1,,Auxane Chanez,Agharany,
1000,Alluets 30/03/2025,Poney 1,,Auxane Chanez,Agharany,
1001,Alluets 30/03/2025,Poney 1,,Auxane Chanez,Agharany,
1002,Alluets 30/03/2025,Poney 1,,Auxane Chanez,Agharany,
1003,Alluets 30/03/2025,Poney 1,,Auxane Chanez,Agharany,
1004,Alluets 30/03/2025,Poney 1,,Auxane Chanez,Agharany,
1005,Alluets 30/03/2025,Poney 1,,Auxane Chanez,Agharany,
1006,Alluets 30/03/2025,Poney 1,,Auxane Chanez,Agharany,
1007,Alluets 30/03/2025,Poney 1,,Auxane Chanez,Agharany,
1008,Alluets 30/03/2025,Poney 1,,Auxane Chanez,Agharany,
1009,Alluets 30/03/2025,Poney 1,,Auxane Chanez,Agharany,
1010,Alluets 30/03/2025,Poney 1,,Ombeline Hald,Volka,
1011,Alluets 30/03/2025,Poney 1,,Ombeline Hald,Volka,
1012,Alluets 30/03/2025,Poney 1,,Ombeline Hald,Volka,
1013,Alluets 30/03/2025,Poney 1,,Ombeline Hald,Volka,
1014,Alluets 30/03/2025,Poney 1,,Ombeline Hald,Volka,
1015,Alluets 30/03/2025,Poney 1,,Ombeline Hald,Volka,
1016,Alluets 30/03/2025,Poney 1,,Ombeline Hald,Volka,
1017,Alluets 30/03/2025,Poney 1,,Ombeline Hald,Volka,
1018,Alluets 30/03/2025,Poney 1,,Ombeline Hald,Volka,
1019,Alluets 30/03/2025,Poney 1,,Ombeline Hald,Volka,
1020,Alluets 30/03/2025,Poney 1,,Ombeline Hald,Volka,
1021,Alluets 30/03/2025,Poney 1,,Ombeline Hald,Volka,
1022,Alluets 30/03/2025,Poney 1,,Ombeline Hald,Volka,
1023,Alluets 30/03/2025,Poney 1,,Ombeline Hald,Volka,
1024,Alluets 30/03/2025,Club 1,,Eric Delannoy,Ucciano,
1025,Alluets 30/03/2025,Club 1,,Eric Delannoy,Ucciano,
1026,Alluets 30/03/2025,Club 1,,Eric Delannoy,Ucciano,
1027,Alluets 30/03/2025,Club 1,,Eric Delannoy,Ucciano,
1028,Alluets 30/03/2025,Club 1,,Eric Delannoy,Ucciano,
1029,Alluets 30/03/2025,Poney 1,,Ombeline Hald,Volka,
1030,Alluets 30/03/2025,Poney 1,,Ombeline Hald,Volka,
1031,Alluets 30/03/2025,Poney 1,,Violette Novack,Valentino,
1032,Alluets 30/03/2025,Poney 1,,Ombeline Hald,Volka,
1033,Alluets 30/03/2025,Poney 1,,Violette Novack,Valentino,
1034,Alluets 30/03/2025,Poney 1,,Violette Novack,Valentino,
1035,Alluets 30/03/2025,Poney 1,,Violette Novack,Valentino,
1036,Alluets 30/03/2025,Poney 1,,Violette Novack,Valentino,
1037,Alluets 30/03/2025,Poney 1,,Violette Novack,Valentino,
1038,Alluets 30/03/2025,Poney 1,,Violette Novack,Valentino,
1039,Alluets 30/03/2025,Poney 1,,Violette Novack,Valentino,
1040,Alluets 30/03/2025,Poney 1,,Violette Novack,Valentino,
1041,Alluets 30/03/2025,Poney 1,,Violette Novack,Valentino,
1042,Alluets 30/03/2025,Poney 1,,Violette Novack,Valentino,
1043,Alluets 30/03/2025,Poney 1,,Violette Novack,Valentino,
1044,Alluets 30/03/2025,Poney 1,,Violette Novack,Valentino,
1045,Alluets 30/03/2025,Poney Elite,,Ombeline Hald,Volka,
1046,Alluets 30/03/2025,Poney Elite,,Ombeline Hald,Volka,
1047,Alluets 30/03/2025,Poney Elite,,Ombeline Hald,Volka,
1048,Alluets 30/03/2025,Poney Elite,,Ombeline Hald,Volka,
1049,Alluets 30/03/2025,Poney Elite,,Ombeline Hald,Volka,
1050,Alluets 30/03/2025,Poney Elite,,Ombeline Hald,Volka,
1051,Alluets 30/03/2025,Poney Elite,,Ombeline Hald,Volka,
1052,Alluets 30/03/2025,Poney Elite,,Ombeline Hald,Volka,
1053,Alluets 30/03/2025,Poney Elite,,Ombeline Hald,Volka,
1054,Alluets 30/03/2025,Poney Elite,,Ombeline Hald,Volka,
1055,Alluets 30/03/2025,Poney Elite,,Ombeline Hald,Volka,
1056,Alluets 30/03/2025,Poney Elite,,Ombeline Hald,Volka,
1057,Alluets 30/03/2025,Poney Elite,,Ombeline Hald,Volka,
1058,Alluets 30/03/2025,Poney Elite,,Ombeline Hald,Volka,
1059,Alluets 30/03/2025,Poney Elite,,Ombeline Hald,Volka,
1060,Alluets 30/03/2025,Poney Elite,,Ombeline Hald,Volka,
1061,Alluets 30/03/2025,Poney Elite,,Ombeline Hald,Volka,
1062,Alluets 30/03/2025,Poney Elite,,Ombeline Hald,Volka,
1063,Alluets 30/03/2025,Poney Elite,,Ombeline Hald,Volka,
1064,Alluets 30/03/2025,Poney Elite,,Ombeline Hald,Volka,
1065,Alluets 30/03/2025,Poney Elite,,Ombeline Hald,Volka,
1066,Alluets 30/03/2025,Poney Elite,,Auxane Chanez,Agharany,
1067,Alluets 30/03/2025,Poney Elite,,Auxane Chanez,Agharany,
1068,Alluets 30/03/2025,Poney Elite,,Auxane Chanez,Agharany,
1069,Alluets 30/03/2025,Poney Elite,,Auxane Chanez,Agharany,
1070,Alluets 30/03/2025,Poney Elite,,Auxane Chanez,Agharany,
1071,Alluets 30/03/2025,Poney Elite,,Auxane Chanez,Agharany,
1072,Alluets 30/03/2025,Poney Elite,,Auxane Chanez,Agharany,
1073,Alluets 30/03/2025,Poney Elite,,Auxane Chanez,Agharany,
1074,Alluets 30/03/2025,Poney Elite,,Auxane Chanez,Agharany,
1075,Alluets 30/03/2025,Poney Elite,,Auxane Chanez,Agharany,
1076,Alluets 30/03/2025,Poney Elite,,Auxane Chanez,Agharany,
1077,Alluets 30/03/2025,Poney Elite,,Auxane Chanez,Agharany,
1078,Alluets 30/03/2025,Poney Elite,,Auxane Chanez,Agharany,
1079,Alluets 30/03/2025,Poney Elite,,Violette Novack,Valentino,
1080,Alluets 30/03/2025,Poney Elite,,Violette Novack,Valentino,
1081,Alluets 30/03/2025,Poney Elite,,Violette Novack,Valentino,
1082,Alluets 30/03/2025,Poney Elite,,Violette Novack,Valentino,
1083,Alluets 30/03/2025,Poney Elite,,Violette Novack,Valentino,
1084,Alluets 30/03/2025,Poney Elite,,Violette Novack,Valentino,
1085,Alluets 30/03/2025,Poney Elite,,Violette Novack,Valentino,
1086,Alluets 30/03/2025,Poney Elite,,Violette Novack,Valentino,
1087,Alluets 30/03/2025,Poney Elite,,Violette Novack,Valentino,
1088,Alluets 30/03/2025,Poney Elite,,Violette Novack,Valentino,
1089,Alluets 30/03/2025,Poney Elite,,Violette Novack,Valentino,
1090,Alluets 30/03/2025,Poney Elite,,Violette Novack,Valentino,
1091,Alluets 30/03/2025,Poney Elite,,Violette Novack,Valentino,
1092,Alluets 30/03/2025,Poney Elite,,Violette Novack,Valentino,
1093,Alluets 30/03/2025,Poney Elite,,Violette Novack,Valentino,
1094,Alluets 30/03/2025,Poney Elite,,Violette Novack,Valentino,
1095,Alluets 30/03/2025,Poney Elite,,Violette Novack,Valentino,
1096,Alluets 30/03/2025,Poney Elite,,Auxane Chanez,Agharany,
1097,Alluets 30/03/2025,Poney Elite,,Auxane Chanez,Agharany,
1098,Alluets 30/03/2025,Poney Elite,,Auxane Chanez,Agharany,
1099,Alluets 30/03/2025,Poney Elite,,Auxane Chanez,Agharany,
1100,Alluets 30/03/2025,Poney Elite,,Auxane Chanez,Agharany,
1101,Alluets 30/03/2025,Poney Elite,,Auxane Chanez,Agharany,
1102,Alluets 30/03/2025,Poney Elite,,Auxane Chanez,Agharany,
1103,Alluets 30/03/2025,Poney Elite,,Auxane Chanez,Agharany,
1104,Alluets 30/03/2025,Poney Elite,,Auxane Chanez,Agharany,
1105,Alluets 30/03/2025,Poney Elite,,Auxane Chanez,Agharany,
1106,Alluets 30/03/2025,Poney Elite,,Auxane Chanez,Agharany,
1107,Alluets 30/03/2025,Poney Elite,,Auxane Chanez,Agharany,
1108,Alluets 30/03/2025,Poney Elite,,Auxane Chanez,Agharany,
1109,Alluets 30/03/2025,Poney Elite,,Auxane Chanez,Agharany,
1110,Alluets 30/03/2025,Poney Elite,,Auxane Chanez,Agharany,